"source_url","target_url","place_group","place_code","cites","gold","place_agreement","cites_agreement","stratum","stratum_sample_n","stratum_population_n","anchor_tag","external_target"
"https://3university.io/what-are-the-global-ai-regulations","https://tomshardware.com/tech-industry/trump-announces-ai-action-plan-for-the-united-states-government-policy-roadmap-seeks-to-accelerate-adoption-of-ai-tools-and-spur-infrastructure-buildout-in-the-race-for-global-dominance","NAV","DATA_LISTING","1","0","2/3","3/3","eliminated","943","8559","p","1"
"https://80000hours.org/podcast/episodes/carl-shulman-society-agi","https://80000hours.org/podcast/episodes/tantum-collins-ai-policy-insider","RECO","RECO","1","0","2/3","3/3","eliminated","943","8559","li","0"
"https://80000hours.org/podcast/episodes/tantum-collins-ai-policy-insider","https://80000hours.org/podcast/episodes/holden-karnofsky-how-ai-could-take-over-the-world","RECO","RECO","1","0","2/3","3/3","retained","600","7442","li","0"
"https://8allocate.com/blog/how-to-stay-compliant-with-the-eu-ai-act-while-building-ai-products","https://artificialintelligenceact.eu/","EDITORIAL","EDIT_EXT","1","1","3/3","3/3","retained","600","7442","p","1"
"https://a-lign.com/articles/ai-regulations-around-the-world","https://a-lign.com/articles/what-is-the-eu-ai-act","EDITORIAL","EDIT_INT","1","1","3/3","3/3","retained","600","7442","p","0"
"https://a16z.com/asserting-american-leadership-in-open-source-ai","https://nsf.gov/news/nsf-nvidia-partnership-enables-ai2-develop-fully-open-ai","EDITORIAL","EDIT_EXT","1","1","3/3","3/3","retained","600","7442","p","1"
"https://academic.oup.com/jiplp/article/19/5/453/7614898","https://consilium.europa.eu/en/press/press-releases/2023/12/09/artificial-intelligence-act-council-and-parliament-strike-a-deal-on-the-first-worldwide-rules-for-ai","EDITORIAL","REF_BIB","1","1","2/3","3/3","retained","600","7442","p","1"
"https://academic.oup.com/jiplp/article/20/3/182/7922541","https://papers.ssrn.com/sol3/papers.cfm?abstract_id=4572952","EDITORIAL","REF_BIB","1","1","3/3","3/3","retained","600","7442","p","1"
"https://acato.co.uk/ai-business-certification","https://post.parliament.uk/artificial-intelligence-ethics-governance-and-regulation","EDITORIAL","EDIT_EXT","1","1","3/3","3/3","retained","600","7442","p","1"
"https://accessnow.org/eu-ai-act-migration","https://protectnotsurveil.eu/","NAV","NAV","1","0","3/3","2/3","eliminated","943","8559","strong","1"
"https://accessnow.org/human-rights-and-ai-governance","https://protectnotsurveil.eu/","OTHER","X_OTHER","1","0","2/3","2/3","eliminated","943","8559","strong","1"
"https://activemind.legal/guides/fundamental-rights-impact-assessment","https://activemind.legal/guides/changes-ai-act","NAV","NAV","1","0","3/3","3/3","eliminated","943","8559","li","0"
"https://activemind.legal/guides/gdpr-ai-act","https://activemind.legal/guides/changes-ai-act","NAV","NAV","1","0","3/3","3/3","eliminated","943","8559","li","0"
"https://activemind.legal/guides/ki-mig","https://activemind.legal/guides/gdpr-ai-act","NAV","NAV","0","0","3/3","3/3","eliminated","943","8559","li","0"
"https://adalovelaceinstitute.org/report/keeping-an-eye-on-ai","https://adalovelaceinstitute.org/report/regulating-ai-in-the-uk","RECO","RECO","1","0","3/3","3/3","retained","600","7442","article","0"
"https://adaptcentre.ie/case-studies/interpreting-the-eu-ai-act-for-industry","https://regtech.adaptcentre.ie/","EDITORIAL","EDIT_EXT","1","1","3/3","3/3","eliminated","943","8559","p","1"
"https://adc-consulting.com/insights/implications-of-the-eu-ai-act-on-risk-modelling","https://digital-strategy.ec.europa.eu/en/policies/regulatory-framework-ai","EDITORIAL","REF_DATA","1","1","2/3","3/3","retained","600","7442","td","1"
"https://addleshawgoddard.com/en/insights/insights-briefings/2026/technology/eu-digital-omnibus-ai-update-council-parliament-agreed-positions","https://addleshawgoddard.com/en/insights/insights-briefings/2026/technology/eu-digital-omnibus-ai-edpb-edps-joint-opinion","RECO","RECO","1","0","3/3","3/3","retained","600","7442","div","0"
"https://adeptiv.ai/navigating-the-eu-ai-act-a-guide-for-ceos","https://en.wikipedia.org/wiki/Artificial_Intelligence_Act","OTHER","NOMAJ","1","0","1/3","3/3","eliminated","943","8559","p","1"
"https://adherent.com/blog/ai-governance-under-the-eu-ai-act-risk-classification-and-compliance-readiness-for-2026","https://adherent.com/blog/the-eu-ai-acts-reality-check-key-proposed-amendments-to-simplify-and-streamline-ai-regulation","EDITORIAL","EDIT_INT","1","1","3/3","3/3","retained","600","7442","p","0"
"https://adherent.com/blog/ai-governance-under-the-eu-ai-act-risk-classification-and-compliance-readiness-for-2026","https://eur-lex.europa.eu/eli/reg/2024/1689/oj/eng","EDITORIAL","EDIT_EXT","1","1","3/3","3/3","retained","600","7442","p","1"
"https://adherent.com/blog/eu-ai-act-compliance-requirements-for-companies-what-to-prepare-for-2026","https://adherent.com/blog/the-eu-ai-acts-reality-check-key-proposed-amendments-to-simplify-and-streamline-ai-regulation","EDITORIAL","EDIT_INT","1","1","3/3","3/3","retained","600","7442","p","0"
"https://afslaw.com/perspectives/ai-law-blog/ai-v-ip-potential-fiasco-looming-new-wave-litigation-against-ai-platforms","https://digital-strategy.ec.europa.eu/en/policies/regulatory-framework-ai","EDITORIAL","EDIT_EXT","1","1","3/3","3/3","retained","600","7442","p","1"
"https://ahajournals.org/doi/10.1161/CIR.0000000000001400","https://pubmed.ncbi.nlm.nih.gov/39761454","OTHER","META_REFTOOL","1","0","3/3","2/3","eliminated","943","8559","div","1"
"https://ai-act-service-desk.ec.europa.eu/en/ai-act/article-1","https://ai-act-service-desk.ec.europa.eu/en/ai-act/recital-103","NAV","TOC","0","0","3/3","3/3","eliminated","943","8559","div","0"
"https://ai-act-service-desk.ec.europa.eu/en/ai-act/article-26","https://ai-act-service-desk.ec.europa.eu/en/ai-act/recital-103","NAV","TOC","0","0","3/3","2/3","eliminated","943","8559","div","0"
"https://ai-act-service-desk.ec.europa.eu/en/ai-act/article-26","https://ai-act-service-desk.ec.europa.eu/en/ai-act/recital-4","NAV","TOC","0","0","3/3","2/3","eliminated","943","8559","div","0"
"https://ai-act-service-desk.ec.europa.eu/en/ai-act/recital-103","https://ai-act-service-desk.ec.europa.eu/en/ai-act/recital-4","NAV","TOC","0","0","3/3","3/3","eliminated","943","8559","div","0"
"https://ai-act-service-desk.ec.europa.eu/en/ai-act/recital-113","https://ai-act-service-desk.ec.europa.eu/en/ai-act/article-26","NAV","TOC","1","0","3/3","2/3","eliminated","943","8559","li","0"
"https://ai-act-service-desk.ec.europa.eu/en/ai-act/recital-113","https://ai-act-service-desk.ec.europa.eu/en/ai-act/recital-76","NAV","TOC","0","0","3/3","3/3","eliminated","943","8559","div","0"
"https://ai-act-service-desk.ec.europa.eu/en/ai-act/recital-113","https://ai-act-service-desk.ec.europa.eu/en/faq","NAV","NAV","0","0","3/3","3/3","eliminated","943","8559","li","0"
"https://ai-act-service-desk.ec.europa.eu/en/ai-act/recital-118","https://ai-act-service-desk.ec.europa.eu/en/ai-act/article-1","NAV","TOC","0","0","3/3","3/3","eliminated","943","8559","li","0"
"https://ai-act-service-desk.ec.europa.eu/en/ai-act/recital-118","https://ai-act-service-desk.ec.europa.eu/en/ai-act/recital-54","NAV","TOC","0","0","3/3","3/3","eliminated","943","8559","div","0"
"https://ai-act-service-desk.ec.europa.eu/en/ai-act/recital-118","https://ai-act-service-desk.ec.europa.eu/en/ai-act/recital-84","NAV","TOC","0","0","3/3","3/3","eliminated","943","8559","div","0"
"https://ai-act-service-desk.ec.europa.eu/en/ai-act/recital-118","https://ai-act-service-desk.ec.europa.eu/en/faq","NAV","NAV","0","0","3/3","3/3","eliminated","943","8559","li","0"
"https://ai-act-service-desk.ec.europa.eu/en/ai-act/recital-17","https://ai-act-service-desk.ec.europa.eu/en/ai-act/recital-113","NAV","TOC","0","0","3/3","3/3","eliminated","943","8559","div","0"
"https://ai-act-service-desk.ec.europa.eu/en/ai-act/recital-24","https://ai-act-service-desk.ec.europa.eu/en/ai-act/recital-113","NAV","TOC","0","0","3/3","3/3","eliminated","943","8559","div","0"
"https://ai-act-service-desk.ec.europa.eu/en/ai-act/recital-24","https://ai-act-service-desk.ec.europa.eu/en/ai-act/recital-54","NAV","TOC","0","0","3/3","3/3","eliminated","943","8559","div","0"
"https://ai-act-service-desk.ec.europa.eu/en/ai-act/recital-24","https://ai-act-service-desk.ec.europa.eu/en/faq","NAV","NAV","0","0","3/3","3/3","eliminated","943","8559","li","0"
"https://ai-act-service-desk.ec.europa.eu/en/ai-act/recital-4","https://ai-act-service-desk.ec.europa.eu/en/ai-act/article-1","NAV","TOC","0","0","3/3","3/3","eliminated","943","8559","li","0"
"https://ai-act-service-desk.ec.europa.eu/en/ai-act/recital-4","https://ai-act-service-desk.ec.europa.eu/en/ai-act/recital-92","NAV","TOC","0","0","3/3","3/3","eliminated","943","8559","div","0"
"https://ai-act-service-desk.ec.europa.eu/en/ai-act/recital-5","https://ai-act-service-desk.ec.europa.eu/en/ai-act/article-1","NAV","TOC","0","0","3/3","3/3","eliminated","943","8559","li","0"
"https://ai-act-service-desk.ec.europa.eu/en/ai-act/recital-54","https://ai-act-service-desk.ec.europa.eu/en/ai-act/recital-113","NAV","TOC","0","0","3/3","3/3","eliminated","943","8559","div","0"
"https://ai-act-service-desk.ec.europa.eu/en/ai-act/recital-55","https://ai-act-service-desk.ec.europa.eu/en/ai-act/recital-17","NAV","TOC","0","0","3/3","3/3","eliminated","943","8559","div","0"
"https://ai-act-service-desk.ec.europa.eu/en/ai-act/recital-76","https://ai-act-service-desk.ec.europa.eu/en/ai-act/article-26","NAV","TOC","1","0","2/3","3/3","eliminated","943","8559","li","0"
"https://ai-act-service-desk.ec.europa.eu/en/ai-act/recital-76","https://ai-act-service-desk.ec.europa.eu/en/ai-act/recital-92","NAV","TOC","0","0","3/3","3/3","eliminated","943","8559","div","0"
"https://ai-act-service-desk.ec.europa.eu/en/ai-act/recital-78","https://ai-act-service-desk.ec.europa.eu/en/ai-act/recital-4","NAV","TOC","0","0","3/3","3/3","eliminated","943","8559","div","0"
"https://ai-act-service-desk.ec.europa.eu/en/ai-act/recital-84","https://ai-act-service-desk.ec.europa.eu/en/ai-act/recital-24","NAV","TOC","0","0","3/3","3/3","eliminated","943","8559","div","0"
"https://ai-act-service-desk.ec.europa.eu/en/ai-act/recital-84","https://ai-act-service-desk.ec.europa.eu/en/ai-act/recital-54","NAV","TOC","0","0","3/3","3/3","eliminated","943","8559","div","0"
"https://ai-act-service-desk.ec.europa.eu/en/ai-act/recital-84","https://ai-act-service-desk.ec.europa.eu/en/faq","NAV","NAV","0","0","3/3","3/3","eliminated","943","8559","li","0"
"https://ai-act-service-desk.ec.europa.eu/en/ai-act/recital-92","https://ai-act-service-desk.ec.europa.eu/en/ai-act/recital-118","NAV","TOC","0","0","3/3","3/3","eliminated","943","8559","div","0"
"https://ai-act-service-desk.ec.europa.eu/en/ai-act/recital-92","https://ai-act-service-desk.ec.europa.eu/en/ai-act/recital-24","NAV","TOC","0","0","3/3","3/3","eliminated","943","8559","div","0"
"https://ai-act-service-desk.ec.europa.eu/en/ai-act/recital-92","https://ai-act-service-desk.ec.europa.eu/en/ai-act/recital-55","NAV","TOC","0","0","3/3","3/3","eliminated","943","8559","div","0"
"https://ai-analytics.wharton.upenn.edu/wharton-accountable-ai-lab/sb-53-what-californias-new-ai-safety-law-means-for-developers","https://brookings.edu/articles/how-different-states-are-approaching-ai","EDITORIAL","EDIT_EXT","1","1","2/3","3/3","retained","600","7442","p","1"
"https://ai-analytics.wharton.upenn.edu/wharton-accountable-ai-lab/sb-53-what-californias-new-ai-safety-law-means-for-developers","https://statescoop.com/state-ai-law-preemption-house-hearing","EDITORIAL","EDIT_EXT","1","1","3/3","3/3","retained","600","7442","p","1"
"https://ai-frontiers.org/articles/ai-displacement-insurance","https://ai-frontiers.org/articles/ai-risk-management-can-learn-a-lot-from-other-industries","RECO","RECO","1","0","3/3","2/3","eliminated","943","8559","div","0"
"https://ai-frontiers.org/articles/ai-risk-management-can-learn-a-lot-from-other-industries","https://ai-frontiers.org/articles/summary-of-if-anyone-builds-it-everyone-dies","RECO","RECO","0","0","3/3","2/3","eliminated","943","8559","div","0"
"https://ai-frontiers.org/articles/america-first-meets-safety","https://ai-frontiers.org/articles/options-for-ai-liability","RECO","RECO","0","0","2/3","2/3","eliminated","943","8559","div","0"
"https://ai-frontiers.org/articles/america-first-meets-safety","https://ai-frontiers.org/author/miles-brundage","OTHER","META_BYLINE","0","0","3/3","2/3","eliminated","943","8559","div","0"
"https://ai-frontiers.org/articles/america-first-meets-safety","https://nbcnews.com/tech/innovation/trump-china-deepseek-ai-wake-call-rcna189526","EDITORIAL","EDIT_EXT","1","1","3/3","3/3","retained","600","7442","p","1"
"https://ai-frontiers.org/articles/congress-might-block-states-from-regulating-ai","https://ai-frontiers.org/articles/options-for-ai-liability","RECO","RECO","1","0","2/3","2/3","eliminated","943","8559","div","0"
"https://ai-frontiers.org/articles/congress-might-block-states-from-regulating-ai","https://ai-frontiers.org/articles/summary-of-if-anyone-builds-it-everyone-dies","RECO","RECO","1","0","3/3","2/3","eliminated","943","8559","div","0"
"https://ai-frontiers.org/articles/congress-might-block-states-from-regulating-ai","https://ai-frontiers.org/articles/todays-ais-arent-paperclip-maximizers","RECO","RECO","0","0","2/3","2/3","eliminated","943","8559","div","0"
"https://ai-frontiers.org/articles/how-the-eus-code-of-practice-advances-ai-safety","https://ai-frontiers.org/articles/the-challenges-of-governing-ai-agents","RECO","RECO","0","0","2/3","2/3","eliminated","943","8559","div","0"
"https://ai-frontiers.org/articles/how-the-eus-code-of-practice-advances-ai-safety","https://ai-frontiers.org/articles/why-racing-to-artificial-superintelligence-would-undermine-americas-national-security","RECO","RECO","0","0","2/3","2/3","eliminated","943","8559","div","0"
"https://ai-frontiers.org/articles/nuclear-non-proliferation-is-the-wrong-framework-for-ai-governance","https://ai-frontiers.org/articles/todays-ais-arent-paperclip-maximizers","RECO","RECO","1","0","3/3","2/3","eliminated","943","8559","div","0"
"https://ai-frontiers.org/articles/options-for-ai-liability","https://ai-frontiers.org/articles/nuclear-non-proliferation-is-the-wrong-framework-for-ai-governance","RECO","RECO","1","0","2/3","2/3","eliminated","943","8559","div","0"
"https://ai-frontiers.org/articles/options-for-ai-liability","https://ai-frontiers.org/articles/uncontained-agi-would-replace-humanity","RECO","RECO","1","0","3/3","2/3","eliminated","943","8559","div","0"
"https://ai-frontiers.org/articles/options-for-ai-liability","https://ai-frontiers.org/articles/why-racing-to-artificial-superintelligence-would-undermine-americas-national-security","NAV","NAV","1","0","2/3","2/3","eliminated","943","8559","div","0"
"https://ai-frontiers.org/articles/summary-of-if-anyone-builds-it-everyone-dies","https://ai-frontiers.org/articles/ai-risk-management-can-learn-a-lot-from-other-industries","RECO","RECO","1","0","3/3","2/3","eliminated","943","8559","div","0"
"https://ai-frontiers.org/articles/summary-of-if-anyone-builds-it-everyone-dies","https://ai-frontiers.org/articles/todays-ais-arent-paperclip-maximizers","RECO","RECO","0","0","3/3","2/3","eliminated","943","8559","div","0"
"https://ai-frontiers.org/articles/todays-ais-arent-paperclip-maximizers","https://ai-frontiers.org/articles/the-challenges-of-governing-ai-agents","RECO","RECO","1","0","2/3","2/3","eliminated","943","8559","div","0"
"https://ai-frontiers.org/articles/uncontained-agi-would-replace-humanity","https://ai-frontiers.org/articles/summary-of-if-anyone-builds-it-everyone-dies","RECO","RECO","1","0","3/3","2/3","eliminated","943","8559","div","0"
"https://ai-frontiers.org/articles/why-racing-to-artificial-superintelligence-would-undermine-americas-national-security","https://ai-frontiers.org/articles/ai-displacement-insurance","RECO","RECO","0","0","3/3","2/3","eliminated","943","8559","div","0"
"https://ai-frontiers.org/articles/why-racing-to-artificial-superintelligence-would-undermine-americas-national-security","https://ai-frontiers.org/articles/uncontained-agi-would-replace-humanity","RECO","RECO","1","0","2/3","2/3","eliminated","943","8559","div","0"
"https://ai-frontiers.org/author/kevin-frazier","https://ai-frontiers.org/articles/nuclear-non-proliferation-is-the-wrong-framework-for-ai-governance","RECO","RECO","1","0","2/3","2/3","eliminated","943","8559","div","0"
"https://ai-frontiers.org/author/kevin-frazier","https://ai-frontiers.org/articles/todays-ais-arent-paperclip-maximizers","RECO","RECO","1","0","3/3","2/3","eliminated","943","8559","div","0"
"https://ai-frontiers.org/author/kevin-frazier","https://ai-frontiers.org/articles/uncontained-agi-would-replace-humanity","RECO","RECO","1","0","3/3","2/3","eliminated","943","8559","div","0"
"https://ai-frontiers.org/author/miles-brundage","https://ai-frontiers.org/articles/uncontained-agi-would-replace-humanity","RECO","RECO","1","0","3/3","2/3","eliminated","943","8559","div","0"
"https://ai-law-center.orrick.com/eu-ai-act/transparency","https://orrick.com/en/Insights/2024/09/The-EU-AI-Act-6-Steps-to-Take-in-2024","RECO","RECO","1","0","3/3","3/3","eliminated","943","8559","div","1"
"https://ai-regulation.com/artificial-intelligence-and-the-future-of-art","https://crfm.stanford.edu/2023/06/15/eu-ai-act.html","EDITORIAL","EDIT_EXT","1","1","3/3","3/3","retained","600","7442","p","1"
"https://ai-regulation.com/eu-ai-continent-plan-complexity-and-simplification","https://mlex.com/mlex/articles/2344845/eu-commission-eyes-pausing-ai-act-s-entry-into-application","EDITORIAL","EDIT_EXT","1","1","3/3","3/3","retained","600","7442","p","1"
"https://ai-regulation.com/event/presentation-to-the-french-dgccrf-on-the-eu-ai-act","https://eur-lex.europa.eu/eli/reg/2024/1689/oj/eng","EDITORIAL","EDIT_EXT","1","1","3/3","3/3","retained","600","7442","p","1"
"https://ai-regulation.com/guidance-on-high-risk-ai-systems-under-eu-ai-act","https://ai-regulation.com/news","NAV","NAV","0","0","3/3","3/3","eliminated","943","8559","li","0"
"https://ai.thedigital.gov.ua/en/vision","https://coe.int/en/web/artificial-intelligence/huderia-risk-and-impact-assessment-of-ai-systems","RECO","RECO","1","0","2/3","3/3","retained","600","7442","div","1"
"https://aiactblog.nl/en/posts/digital-omnibus-ai-act-simplification-or-erosion","https://aiactblog.nl/en/posts/eu-ai-act-risk-assessments-overview","EDITORIAL","EDIT_INT","1","1","3/3","3/3","retained","600","7442","p","0"
"https://aiactblog.nl/en/posts/eu-ai-act-risk-assessments-overview","https://aiactblog.nl/en/posts/digital-omnibus-ai-act-simplification-or-erosion","RECO","RECO","1","0","3/3","3/3","eliminated","943","8559","h3","0"
"https://aidatainsider.com/ai/2025-ai-data-policy-overview-22-major-regulations-that-shaped-the-year","https://aidatainsider.com/ai/eu-ai-act-heres-how-to-turn-regulatory-compliance-into-competitive-advantage","RECO","RECO","1","0","3/3","3/3","eliminated","943","8559","div","0"
"https://aievolutions.com/post/decoding-the-eu-ai-act-a-practical-guide-for-seamless-integration-into-mlops","https://crfm.stanford.edu/2023/06/15/eu-ai-act.html","EDITORIAL","EDIT_EXT","1","1","3/3","3/3","retained","600","7442","span","1"
"https://aiexpoeurope.com/blog/eu-ai-act-a-complete-business-guide-for-2025","https://kpmg.com/us/en/articles/2024/how-eu-ai-act-affects-us-based-companies.html","EDITORIAL","EDIT_EXT","1","1","3/3","3/3","retained","600","7442","p","1"
"https://aigi.ox.ac.uk/publications/a-blueprint-for-multinational-advanced-ai-development","https://aigi.ox.ac.uk/research-area/china-ai-governance","NAV","NAV","0","0","3/3","3/3","eliminated","943","8559","li","0"
"https://aigl.blog/aigl-newsletter-14-xmas-special","https://aigl.blog/eu-ai-act-handbook-may-2025","OTHER","X_OTHER","1","0","2/3","3/3","retained","600","7442","h3","0"
"https://aign.global/ai-governance-insights/patrick-upmann/ai-governance-in-the-hospitality-industry","https://aign.global/ai-governance-insights/patrick-upmann/how-can-the-risk-of-monopolies-in-ai-technology-be-minimized","RECO","RECO","1","0","3/3","3/3","eliminated","943","8559","li","0"
"https://aign.global/ai-governance-insights/patrick-upmann/ethics-in-the-design-phase-embedding-ethical-principles-from-the-start","https://aign.global/ai-governance-insights/patrick-upmann/standardized-ethical-metrics-setting-global-benchmarks-for-responsible-ai","NAV","NAV","0","0","3/3","3/3","eliminated","943","8559","div","0"
"https://aign.global/ai-governance-insights/patrick-upmann/linking-funding-to-governance-standards-driving-responsible-ai-innovation","https://aign.global/ai-governance-insights/patrick-upmann/what-measures-are-necessary-to-promote-transparency-and-accountability-in-ai-development","RECO","RECO","1","0","3/3","3/3","retained","600","7442","li","0"
"https://aiguardianapp.com/post/eu-ai-act-conformity-assessment","https://aiguardianapp.com/ai-policy-template","NAV","NAV","0","0","2/2","2/3","eliminated","943","8559","span","0"
"https://aiguardianapp.com/post/eu-ai-act-explained","https://aiguardianapp.com/post/eu-ai-act-fria","RECO","RECO","1","0","3/3","3/3","eliminated","943","8559","div","0"
"https://aihealthcarecompliance.com/resources/for-it-teams/eu-ai-act-risk-levels","https://digital-strategy.ec.europa.eu/en/policies/regulatory-framework-ai","EDITORIAL","EDIT_EXT","1","1","3/3","3/3","retained","600","7442","p","1"
"https://aiireland.ie/2026/05/12/eu-ai-act-update-what-businesses-need-to-know-in-2026","https://aiireland.ie/the-eu-ai-act","NAV","NAV","0","0","3/3","2/3","eliminated","943","8559","li","0"
"https://aijure.com/index.php/eu-ai-act-overview","https://aijure.com/index.php/eu-ai-act","NAV","NAV","0","0","3/3","3/3","eliminated","943","8559","li","0"
"https://ailegalauthority.com/ai-generated-content-copyright","https://ailegalauthority.com/ai-employment-law-us","NAV","NAV","0","0","3/3","3/3","eliminated","943","8559","div","0"
"https://ainewsdesk.app/ai-regulation-news-today-eu-ai-act-2026-deadlines","https://artificialintelligenceact.eu/","EDITORIAL","EDIT_EXT","1","1","3/3","3/3","retained","600","7442","p","1"
"https://airesourcezone.com/trends/eu-ai-act-general-purpose-rules-take-effect","https://airesourcezone.com/articles/what-the-eu-ai-act-actually-changes-for-consumers","RECO","RECO","1","0","3/3","3/3","eliminated","943","8559","h3","0"
"https://aistandardofcare.com/resources/eu-ai-act-liability","https://aistandardofcare.com/resources/us-state-ai-laws","RECO","RECO","1","0","3/3","3/3","eliminated","943","8559","header","0"
"https://aitradecraft.com/news/2026/04/u-s-ai-regulation-remains-a-patchwork-as-states-enact-divergent-laws-20260427-180046","https://axios.com/2026/04/24/trump-missed-ai-deadlines","EDITORIAL","EDIT_EXT","1","1","3/3","3/3","retained","600","7442","p","1"
"https://ajithp.com/2026/03/09/eu-ai-act-us-enterprise-compliance-guide","https://artificialintelligenceact.eu/responsibilities-of-european-commission-ai-office","EDITORIAL","REF_BIB","1","1","2/3","3/3","retained","600","7442","li","1"
"https://ajithp.com/2026/03/09/eu-ai-act-us-enterprise-compliance-guide","https://mofo.com/resources/insights/251201-eu-digital-omnibus","EDITORIAL","NOMAJ","1","1","1/3","3/3","retained","600","7442","li","1"
"https://alec.org/article/how-states-can-help-president-trump-usher-in-a-golden-age-of-ai","https://alec.org/article/alec-leads-on-sensible-constructive-artificial-intelligence-policy","EDITORIAL","EDIT_INT","1","1","3/3","3/3","retained","600","7442","p","0"
"https://alec.org/issue/innovation","https://alec.org/model-policy/model-state-artificial-intelligence-act","RECO","RECO","1","0","3/3","3/3","retained","600","7442","h4","0"
"https://alec.org/model-policy/model-state-artificial-intelligence-act","https://alec.org/article/alec-leads-on-sensible-constructive-artificial-intelligence-policy","RECO","RECO","1","0","3/3","3/3","eliminated","943","8559","h5","0"
"https://alec.org/model-policy/model-state-artificial-intelligence-act","https://alec.org/article/new-alec-ai-policy-toolkit-is-an-example-of-sound-state-ai-governance","RECO","RECO","1","0","3/3","3/3","eliminated","943","8559","div","0"
"https://algorithmwatch.org/en/statement-commission-guidelines-ai-act","https://fairtrials.org/articles/news/partial-ban-on-predictive-policing-included-in-final-eu-ai-act","EDITORIAL","EDIT_EXT","1","1","3/3","3/3","retained","600","7442","li","1"
"https://alston.com/en/insights/publications/2025/12/trump-executive-order-state-ai-regulation","https://thehill.com/policy/technology/5647144-trump-federal-ai-regulation","EDITORIAL","EDIT_EXT","1","1","3/3","3/3","retained","600","7442","p","1"
"https://alston.com/en/insights/publications/2026/02/the-digital-download-february-2026","https://alston.com/en/insights/publications/2025/12/trump-executive-order-state-ai-regulation","EDITORIAL","EDIT_INT","1","1","2/3","3/3","eliminated","943","8559","li","0"
"https://americanbar.org/groups/gpsolo/resources/magazine/2025-jul-aug/compare-artificial-intelligence-regulations-north-america-europe","https://europarl.europa.eu/topics/en/article/20230601STO93804/eu-ai-act-first-regulation-on-artificial-intelligence","EDITORIAL","EDIT_EXT","1","1","3/3","3/3","eliminated","943","8559","p","1"
"https://americanprogress.org/article/trade-trust-and-transition-shaping-the-next-transatlantic-chapter/regulating-ai-in-the-evolving-transatlantic-landscape","https://artificialintelligenceact.eu/","EDITORIAL","EDIT_EXT","1","1","3/3","3/3","retained","600","7442","p","1"
"https://americanprogress.org/article/trade-trust-and-transition-shaping-the-next-transatlantic-chapter/regulating-ai-in-the-evolving-transatlantic-landscape","https://nae.edu/337896/disrupting-the-disruption-narrative-policy-innovation-in-ai-governance","EDITORIAL","EDIT_EXT","1","1","3/3","3/3","eliminated","943","8559","p","1"
"https://amnesty.eu/news/eu-blocs-decision-to-not-ban-public-mass-surveillance-in-ai-act-sets-a-devastating-global-precedent","https://protectnotsurveil.eu/","EDITORIAL","EDIT_EXT","1","1","3/3","3/3","eliminated","943","8559","p","1"
"https://anaconda.com/guides/ai-governance","https://artificialintelligenceact.eu/","EDITORIAL","EDIT_EXT","1","1","3/3","3/3","retained","600","7442","p","1"
"https://anekanta.co.uk/2024/08/01/as-the-eu-ai-act-enters-into-force-what-does-this-mean-for-industry","https://anekanta.co.uk/ai-governance-and-compliance/anekanta-responsible-ai-governance-framework-for-boards","NAV","NAV","0","0","3/3","3/3","eliminated","943","8559","li","0"
"https://anekanta.co.uk/2024/11/21/lessons-for-business-leaders-from-the-dutch-ai-scandal-ai-the-board-and-the-eu-ai-act","https://anekanta.co.uk/ai-facial-recognition-privacy-impact-risk-report","NAV","NAV","0","0","3/3","3/3","eliminated","943","8559","li","0"
"https://anekanta.co.uk/2024/11/21/lessons-for-business-leaders-from-the-dutch-ai-scandal-ai-the-board-and-the-eu-ai-act","https://anekanta.co.uk/ai-governance-and-compliance/anekanta-responsible-ai-governance-framework-for-boards","NAV","NAV","0","0","3/3","3/3","eliminated","943","8559","li","0"
"https://anekanta.co.uk/2025/04/28/executive-ai-training-for-boards","https://anekanta.co.uk/ai-facial-recognition-privacy-impact-risk-report","NAV","NAV","0","0","3/3","3/3","eliminated","943","8559","li","0"
"https://anekanta.co.uk/ai-facial-recognition-privacy-impact-risk-report","https://anekanta.co.uk/2024/11/20/anekanta-signs-the-eu-ai-pact-reinforcing-its-commitment-to-responsible-ai","NAV","NAV","0","0","3/3","3/3","eliminated","943","8559","li","0"
"https://anekanta.co.uk/ai-facial-recognition-privacy-impact-risk-report","https://anekanta.co.uk/ai-literacy-and-training/ensuring-ai-literacy-under-the-eu-ai-act-article-4-with-anekanta-ai-governance-training","NAV","NAV","0","0","3/3","3/3","eliminated","943","8559","li","0"
"https://anekanta.co.uk/ai-facial-recognition-privacy-impact-risk-report","https://gov.uk/ai-assurance-techniques/anekanta-ai-ai-risk-intelligence-system-for-biometric-and-high-risk-ai","RECO","RECO","1","0","3/3","3/3","eliminated","943","8559","figure","1"
"https://anekanta.co.uk/ai-literacy-and-training","https://anekanta.co.uk/2024/08/01/as-the-eu-ai-act-enters-into-force-what-does-this-mean-for-industry","NAV","NAV","0","0","3/3","3/3","eliminated","943","8559","li","0"
"https://anekanta.co.uk/ai-literacy-and-training","https://anekanta.co.uk/ai-strategy-and-risk-consulting/anekanta-ai-ai-risk-intelligence-system","NAV","NAV","0","0","3/3","3/3","eliminated","943","8559","li","0"
"https://antispoofing.org/ai-control-and-legal-regulation","https://ised-isde.canada.ca/site/innovation-better-canada/en/artificial-intelligence-and-data-act-aida-companion-document","EDITORIAL","EDIT_EXT","1","1","2/3","3/3","retained","600","7442","p","1"
"https://aoshearman.com/en/insights/ao-shearman-on-tech/zooming-in-on-ai-11-eu-ai-act-what-are-the-obligations-for-the-limited-risk-ai-systems","https://aoshearman.com/en/insights/ao-shearman-on-tech/zooming-in-on-ai-10-eu-ai-act-what-are-the-obligations-for-high-risk-ai-systems","EDITORIAL","EDIT_INT","1","1","3/3","3/3","retained","600","7442","p","0"
"https://aoshearman.com/en/insights/ao-shearman-on-tech/zooming-in-on-ai-7-ai-under-financial-regulations-in-the-us-eu-and-uk-part-3","https://aoshearman.com/en/insights/ao-shearman-on-tech/zooming-in-5-ai-under-financial-regulations-in-the-us-eu-and-uk-a-comparative-assessment-part-1","EDITORIAL","EDIT_INT","1","1","2/3","2/3","eliminated","943","8559","div","0"
"https://aprimo.com/blog/ai-marketing-compliance-governing-content-in-a-new-era","https://digital-strategy.ec.europa.eu/en/policies/regulatory-framework-ai","EDITORIAL","EDIT_EXT","1","1","3/3","3/3","retained","600","7442","p","1"
"https://architectureandgovernance.com/artificial-intelligence/ai-ethics-part-i-guiding-principles-for-enterprise","https://builtin.com/artificial-intelligence/ai-bill-of-rights","EDITORIAL","REF_BIB","1","1","3/3","3/3","retained","600","7442","li","1"
"https://argosmultilingual.com/blog/what-language-services-buyers-need-to-know-about-the-eu-ai-act","https://europarl.europa.eu/news/en/press-room/20240308IPR19015/artificial-intelligence-act-meps-adopt-landmark-law","EDITORIAL","EDIT_EXT","1","1","3/3","3/3","retained","600","7442","p","1"
"https://ari.us/policy-bytes/ai-security-tax-incentives","https://justsecurity.org/106545/the-future-of-the-ai-diffusion-framework","EDITORIAL","EDIT_EXT","1","1","2/3","3/3","retained","600","7442","p","1"
"https://armingaud-avocat.fr/en/2024/02","https://armingaud-avocat.fr/en/category/english/it/artificial-intelligence","NAV","TAG","1","0","3/3","3/3","eliminated","943","8559","small","0"
"https://armingaud-avocat.fr/en/author/admin","https://armingaud-avocat.fr/en/category/english/it/artificial-intelligence-en","NAV","TAG","1","0","2/3","2/3","eliminated","943","8559","small","0"
"https://armingaud-avocat.fr/en/top-10-operational-impacts-of-the-eu-ai-act-regulatory-implementation-and-application-alongside-eu-digital-strategy","https://armingaud-avocat.fr/en/category/english/it/artificial-intelligence","NAV","TAG","0","0","3/3","2/3","eliminated","943","8559","li","0"
"https://armingaud-avocat.fr/en/top-10-operational-impacts-of-the-eu-ai-act-regulatory-implementation-and-application-alongside-eu-digital-strategy","https://armingaud-avocat.fr/en/tag/regulation-en","NAV","TAG","1","0","3/3","3/3","eliminated","943","8559","div","0"
"https://arnoldporter.com/en/perspectives/advisories/2024/11/uniting-global-ai-regulatory-frameworks","https://arnoldporter.com/en/perspectives/advisories/2023/11/president-bidens-eo-on-ai-shaping-the-future-of-ai","EDITORIAL","EDIT_INT","1","1","3/3","3/3","retained","600","7442","p","0"
"https://artificialintelligenceact.com/article-1-subject-matter","https://artificialintelligenceact.com/annex-xiii-criteria-for-the-designation-of-general-purpose-ai-models-with-systemic-risk-referred-to-in-article-51","NAV","NAV","0","0","3/3","3/3","eliminated","943","8559","li","0"
"https://artificialintelligenceact.com/article-1-subject-matter","https://artificialintelligenceact.com/article-75-mutual-assistance-market-surveillance-and-control-of-general-purpose-ai-systems","NAV","NAV","0","0","3/3","3/3","eliminated","943","8559","li","0"
"https://artificialintelligenceact.com/brazil-ai-act","https://artificialintelligenceact.com/south-korean-ai-basic-law","NAV","NAV","0","0","3/3","3/3","eliminated","943","8559","li","0"
"https://artificialintelligenceact.com/eu-ai-act","https://artificialintelligenceact.com/annex-xiii-criteria-for-the-designation-of-general-purpose-ai-models-with-systemic-risk-referred-to-in-article-51","NAV","NAV","0","0","3/3","2/3","eliminated","943","8559","li","0"
"https://artificialintelligenceact.com/eu-ai-act","https://artificialintelligenceact.com/article-75-mutual-assistance-market-surveillance-and-control-of-general-purpose-ai-systems","NAV","NAV","0","0","3/3","2/3","eliminated","943","8559","li","0"
"https://artificialintelligenceact.com/south-korean-ai-basic-law","https://artificialintelligenceact.com/article-1-subject-matter","NAV","NAV","0","0","3/3","3/3","eliminated","943","8559","li","0"
"https://artificialintelligenceact.com/south-korean-ai-basic-law","https://artificialintelligenceact.com/brazil-ai-act","NAV","NAV","0","0","3/3","3/3","eliminated","943","8559","li","0"
"https://artificialintelligenceact.eu/","https://artificialintelligenceact.eu/the-ai-office-summary","NAV","NAV","0","0","3/3","3/3","retained","600","7442","li","0"
"https://artificialintelligenceact.eu/ai-act-implementation-next-steps","https://artificialintelligenceact.eu/responsibilities-of-member-states","NAV","NAV","0","0","3/3","3/3","eliminated","943","8559","li","0"
"https://artificialintelligenceact.eu/ai-regulatory-sandbox-approaches-eu-member-state-overview","https://artificialintelligenceact.eu/providers-of-general-purpose-ai-models-what-we-know-about-who-will-qualify","NAV","NAV","0","0","3/3","3/3","eliminated","943","8559","li","0"
"https://artificialintelligenceact.eu/ai-regulatory-sandbox-approaches-eu-member-state-overview","https://artificialintelligenceact.eu/responsibilities-of-member-states","NAV","NAV","0","0","3/3","3/3","eliminated","943","8559","li","0"
"https://artificialintelligenceact.eu/article/1","https://artificialintelligenceact.eu/recital/24","NAV","TOC","0","0","3/3","2/3","eliminated","943","8559","div","0"
"https://artificialintelligenceact.eu/article/111","https://artificialintelligenceact.eu/recital/59","NAV","TOC","0","0","3/3","3/3","eliminated","943","8559","div","0"
"https://artificialintelligenceact.eu/article/111","https://artificialintelligenceact.eu/recital/87","NAV","TOC","0","0","3/3","3/3","eliminated","943","8559","div","0"
"https://artificialintelligenceact.eu/article/111","https://artificialintelligenceact.eu/responsibilities-of-european-commission-ai-office","NAV","NAV","0","0","3/3","3/3","eliminated","943","8559","li","0"
"https://artificialintelligenceact.eu/article/58","https://artificialintelligenceact.eu/recital/2","NAV","TOC","0","0","3/3","3/3","eliminated","943","8559","div","0"
"https://artificialintelligenceact.eu/article/64","https://artificialintelligenceact.eu/introduction-to-code-of-practice","NAV","NAV","0","0","3/3","2/3","eliminated","943","8559","li","0"
"https://artificialintelligenceact.eu/article/64","https://artificialintelligenceact.eu/recital/99","NAV","TOC","0","0","3/3","3/3","eliminated","943","8559","div","0"
"https://artificialintelligenceact.eu/article/74","https://artificialintelligenceact.eu/gpai-guidelines-overview","NAV","NAV","0","0","3/3","3/3","eliminated","943","8559","li","0"
"https://artificialintelligenceact.eu/article/74","https://artificialintelligenceact.eu/introduction-to-code-of-practice","NAV","NAV","0","0","3/3","2/3","eliminated","943","8559","li","0"
"https://artificialintelligenceact.eu/article/74","https://artificialintelligenceact.eu/modifying-ai-under-the-eu-ai-act","NAV","NAV","0","0","3/3","3/3","eliminated","943","8559","li","0"
"https://artificialintelligenceact.eu/article/74","https://artificialintelligenceact.eu/recital/61","NAV","TOC","0","0","3/3","3/3","eliminated","943","8559","div","0"
"https://artificialintelligenceact.eu/article/74","https://artificialintelligenceact.eu/scientific-panel","NAV","NAV","0","0","3/3","3/3","eliminated","943","8559","li","0"
"https://artificialintelligenceact.eu/article/74","https://artificialintelligenceact.eu/the-ai-office-summary","NAV","NAV","0","0","3/3","3/3","eliminated","943","8559","li","0"
"https://artificialintelligenceact.eu/article/74","https://artificialintelligenceact.eu/whistleblowing-and-the-eu-ai-act","NAV","NAV","0","0","3/3","3/3","eliminated","943","8559","li","0"
"https://artificialintelligenceact.eu/article/8","https://artificialintelligenceact.eu/article/111","NAV","TOC","1","0","3/3","3/3","eliminated","943","8559","p","0"
"https://artificialintelligenceact.eu/article/8","https://artificialintelligenceact.eu/article/82","NAV","TOC","1","0","3/3","2/3","eliminated","943","8559","p","0"
"https://artificialintelligenceact.eu/article/8","https://artificialintelligenceact.eu/modifying-ai-under-the-eu-ai-act","NAV","NAV","0","0","3/3","3/3","eliminated","943","8559","li","0"
"https://artificialintelligenceact.eu/article/8","https://artificialintelligenceact.eu/national-implementation-plans","NAV","NAV","0","0","3/3","2/3","eliminated","943","8559","li","0"
"https://artificialintelligenceact.eu/article/8","https://artificialintelligenceact.eu/recital/12","NAV","TOC","0","0","3/3","3/3","eliminated","943","8559","div","0"
"https://artificialintelligenceact.eu/article/8","https://artificialintelligenceact.eu/recital/20","NAV","TOC","0","0","3/3","3/3","eliminated","943","8559","div","0"
"https://artificialintelligenceact.eu/article/8","https://artificialintelligenceact.eu/recital/93","NAV","TOC","0","0","3/3","3/3","eliminated","943","8559","div","0"
"https://artificialintelligenceact.eu/article/8","https://artificialintelligenceact.eu/recital/99","NAV","TOC","0","0","3/3","3/3","eliminated","943","8559","div","0"
"https://artificialintelligenceact.eu/article/8","https://artificialintelligenceact.eu/responsibilities-of-european-commission-ai-office","NAV","NAV","0","0","3/3","3/3","eliminated","943","8559","li","0"
"https://artificialintelligenceact.eu/article/82","https://artificialintelligenceact.eu/article/1","NAV","TOC","1","0","3/3","2/3","eliminated","943","8559","p","0"
"https://artificialintelligenceact.eu/article/82","https://artificialintelligenceact.eu/article/74","NAV","TOC","1","0","3/3","3/3","eliminated","943","8559","p","0"
"https://artificialintelligenceact.eu/article/82","https://artificialintelligenceact.eu/article/8","NAV","TOC","1","0","3/3","2/3","eliminated","943","8559","p","0"
"https://artificialintelligenceact.eu/article/82","https://artificialintelligenceact.eu/modifying-ai-under-the-eu-ai-act","NAV","NAV","0","0","3/3","3/3","eliminated","943","8559","li","0"
"https://artificialintelligenceact.eu/article/82","https://artificialintelligenceact.eu/recital/24","NAV","TOC","0","0","3/3","3/3","eliminated","943","8559","div","0"
"https://artificialintelligenceact.eu/article/82","https://artificialintelligenceact.eu/recital/61","NAV","TOC","0","0","3/3","3/3","eliminated","943","8559","div","0"
"https://artificialintelligenceact.eu/article/82","https://artificialintelligenceact.eu/recital/93","NAV","TOC","0","0","3/3","3/3","eliminated","943","8559","div","0"
"https://artificialintelligenceact.eu/introduction-to-code-of-practice","https://artificialintelligenceact.eu/ai-regulatory-sandbox-approaches-eu-member-state-overview","NAV","NAV","0","0","3/3","3/3","eliminated","943","8559","li","0"
"https://artificialintelligenceact.eu/introduction-to-code-of-practice","https://artificialintelligenceact.eu/modifying-ai-under-the-eu-ai-act","NAV","NAV","0","0","3/3","3/3","eliminated","943","8559","li","0"
"https://artificialintelligenceact.eu/introduction-to-code-of-practice","https://artificialintelligenceact.eu/standard-setting-overview","NAV","NAV","0","0","3/3","3/3","eliminated","943","8559","li","0"
"https://artificialintelligenceact.eu/introduction-to-code-of-practice","https://artificialintelligenceact.eu/why-work-at-the-eu-ai-office","NAV","NAV","0","0","3/3","3/3","eliminated","943","8559","li","0"
"https://artificialintelligenceact.eu/modifying-ai-under-the-eu-ai-act","https://artificialintelligenceact.eu/scientific-panel","NAV","NAV","0","0","3/3","3/3","eliminated","943","8559","li","0"
"https://artificialintelligenceact.eu/national-implementation-plans","https://artificialintelligenceact.eu/why-work-at-the-eu-ai-office","NAV","NAV","0","0","3/3","3/3","eliminated","943","8559","li","0"
"https://artificialintelligenceact.eu/providers-of-general-purpose-ai-models-what-we-know-about-who-will-qualify","https://artificialintelligenceact.eu/scientific-panel","NAV","NAV","0","0","3/3","3/3","eliminated","943","8559","li","0"
"https://artificialintelligenceact.eu/recital/1","https://artificialintelligenceact.eu/ai-regulatory-sandbox-approaches-eu-member-state-overview","NAV","NAV","0","0","3/3","3/3","eliminated","943","8559","li","0"
"https://artificialintelligenceact.eu/recital/1","https://artificialintelligenceact.eu/article/58","NAV","TOC","1","0","3/3","2/3","retained","600","7442","p","0"
"https://artificialintelligenceact.eu/recital/1","https://artificialintelligenceact.eu/gpai-guidelines-overview","NAV","NAV","0","0","3/3","3/3","eliminated","943","8559","li","0"
"https://artificialintelligenceact.eu/recital/1","https://artificialintelligenceact.eu/introduction-to-code-of-practice","NAV","NAV","0","0","3/3","2/3","eliminated","943","8559","li","0"
"https://artificialintelligenceact.eu/recital/1","https://artificialintelligenceact.eu/recital/141","NAV","TOC","0","0","3/3","3/3","retained","600","7442","div","0"
"https://artificialintelligenceact.eu/recital/1","https://artificialintelligenceact.eu/recital/61","NAV","TOC","0","0","3/3","3/3","retained","600","7442","div","0"
"https://artificialintelligenceact.eu/recital/1","https://artificialintelligenceact.eu/small-businesses-guide-to-the-ai-act","NAV","NAV","0","0","3/3","3/3","eliminated","943","8559","li","0"
"https://artificialintelligenceact.eu/recital/1","https://artificialintelligenceact.eu/standard-setting-overview","NAV","NAV","0","0","3/3","3/3","eliminated","943","8559","li","0"
"https://artificialintelligenceact.eu/recital/1","https://artificialintelligenceact.eu/whistleblowing-and-the-eu-ai-act","NAV","NAV","0","0","3/3","3/3","eliminated","943","8559","li","0"
"https://artificialintelligenceact.eu/recital/12","https://artificialintelligenceact.eu/ai-regulatory-sandbox-approaches-eu-member-state-overview","NAV","NAV","0","0","3/3","3/3","eliminated","943","8559","li","0"
"https://artificialintelligenceact.eu/recital/12","https://artificialintelligenceact.eu/recital/99","NAV","TOC","0","0","3/3","3/3","retained","600","7442","div","0"
"https://artificialintelligenceact.eu/recital/121","https://artificialintelligenceact.eu/","NAV","NAV","0","0","3/3","3/3","eliminated","943","8559","div","0"
"https://artificialintelligenceact.eu/recital/121","https://artificialintelligenceact.eu/recital/154","NAV","TOC","0","0","3/3","3/3","eliminated","943","8559","div","0"
"https://artificialintelligenceact.eu/recital/121","https://artificialintelligenceact.eu/responsibilities-of-member-states","NAV","NAV","0","0","3/3","3/3","eliminated","943","8559","li","0"
"https://artificialintelligenceact.eu/recital/141","https://artificialintelligenceact.eu/national-implementation-plans","NAV","NAV","0","0","3/3","3/3","eliminated","943","8559","li","0"
"https://artificialintelligenceact.eu/recital/141","https://artificialintelligenceact.eu/recital/2","NAV","TOC","0","0","3/3","3/3","eliminated","943","8559","div","0"
"https://artificialintelligenceact.eu/recital/141","https://artificialintelligenceact.eu/recital/53","NAV","TOC","0","0","3/3","3/3","eliminated","943","8559","div","0"
"https://artificialintelligenceact.eu/recital/141","https://artificialintelligenceact.eu/recital/59","NAV","TOC","0","0","3/3","3/3","eliminated","943","8559","div","0"
"https://artificialintelligenceact.eu/recital/141","https://artificialintelligenceact.eu/recital/87","NAV","TOC","0","0","3/3","3/3","eliminated","943","8559","div","0"
"https://artificialintelligenceact.eu/recital/141","https://artificialintelligenceact.eu/responsibilities-of-member-states","NAV","NAV","0","0","3/3","3/3","eliminated","943","8559","li","0"
"https://artificialintelligenceact.eu/recital/154","https://artificialintelligenceact.eu/recital/121","NAV","TOC","0","0","3/3","3/3","retained","600","7442","div","0"
"https://artificialintelligenceact.eu/recital/154","https://artificialintelligenceact.eu/recital/20","NAV","TOC","0","0","3/3","3/3","retained","600","7442","div","0"
"https://artificialintelligenceact.eu/recital/154","https://artificialintelligenceact.eu/recital/61","NAV","TOC","0","0","3/3","3/3","retained","600","7442","div","0"
"https://artificialintelligenceact.eu/recital/154","https://artificialintelligenceact.eu/scientific-panel","NAV","NAV","0","0","3/3","3/3","eliminated","943","8559","li","0"
"https://artificialintelligenceact.eu/recital/156","https://artificialintelligenceact.eu/article/8","NAV","TOC","1","0","3/3","2/3","retained","600","7442","p","0"
"https://artificialintelligenceact.eu/recital/156","https://artificialintelligenceact.eu/providers-of-general-purpose-ai-models-what-we-know-about-who-will-qualify","NAV","NAV","0","0","3/3","3/3","eliminated","943","8559","li","0"
"https://artificialintelligenceact.eu/recital/156","https://artificialintelligenceact.eu/recital/141","NAV","TOC","0","0","3/3","3/3","retained","600","7442","div","0"
"https://artificialintelligenceact.eu/recital/2","https://artificialintelligenceact.eu/article/58","NAV","TOC","1","0","3/3","2/3","retained","600","7442","p","0"
"https://artificialintelligenceact.eu/recital/2","https://artificialintelligenceact.eu/article/64","NAV","TOC","1","0","3/3","2/3","eliminated","943","8559","p","0"
"https://artificialintelligenceact.eu/recital/2","https://artificialintelligenceact.eu/providers-of-general-purpose-ai-models-what-we-know-about-who-will-qualify","NAV","NAV","0","0","3/3","2/3","eliminated","943","8559","li","0"
"https://artificialintelligenceact.eu/recital/2","https://artificialintelligenceact.eu/standard-setting-overview","NAV","NAV","0","0","3/3","3/3","eliminated","943","8559","li","0"
"https://artificialintelligenceact.eu/recital/24","https://artificialintelligenceact.eu/article/64","NAV","TOC","1","0","3/3","2/3","eliminated","943","8559","p","0"
"https://artificialintelligenceact.eu/recital/24","https://artificialintelligenceact.eu/recital/156","NAV","TOC","0","0","3/3","3/3","retained","600","7442","div","0"
"https://artificialintelligenceact.eu/recital/24","https://artificialintelligenceact.eu/responsibilities-of-european-commission-ai-office","NAV","NAV","0","0","3/3","3/3","eliminated","943","8559","li","0"
"https://artificialintelligenceact.eu/recital/24","https://artificialintelligenceact.eu/the-ai-office-summary","NAV","NAV","0","0","3/3","3/3","eliminated","943","8559","li","0"
"https://artificialintelligenceact.eu/recital/24","https://artificialintelligenceact.eu/whistleblowing-and-the-eu-ai-act","NAV","NAV","0","0","3/3","2/3","eliminated","943","8559","li","0"
"https://artificialintelligenceact.eu/recital/25","https://artificialintelligenceact.eu/ai-regulatory-sandbox-approaches-eu-member-state-overview","NAV","NAV","0","0","3/3","3/3","eliminated","943","8559","li","0"
"https://artificialintelligenceact.eu/recital/25","https://artificialintelligenceact.eu/article/111","NAV","TOC","1","0","3/3","3/3","eliminated","943","8559","p","0"
"https://artificialintelligenceact.eu/recital/25","https://artificialintelligenceact.eu/modifying-ai-under-the-eu-ai-act","NAV","NAV","0","0","3/3","3/3","eliminated","943","8559","li","0"
"https://artificialintelligenceact.eu/recital/31","https://artificialintelligenceact.eu/article/111","NAV","TOC","1","0","3/3","3/3","eliminated","943","8559","p","0"
"https://artificialintelligenceact.eu/recital/31","https://artificialintelligenceact.eu/article/8","NAV","TOC","0","0","3/3","2/3","retained","600","7442","p","0"
"https://artificialintelligenceact.eu/recital/31","https://artificialintelligenceact.eu/national-implementation-plans","NAV","NAV","0","0","3/3","3/3","eliminated","943","8559","li","0"
"https://artificialintelligenceact.eu/recital/31","https://artificialintelligenceact.eu/responsibilities-of-member-states","NAV","NAV","0","0","3/3","3/3","eliminated","943","8559","li","0"
"https://artificialintelligenceact.eu/recital/31","https://artificialintelligenceact.eu/why-work-at-the-eu-ai-office","NAV","NAV","0","0","3/3","3/3","eliminated","943","8559","li","0"
"https://artificialintelligenceact.eu/recital/53","https://artificialintelligenceact.eu/","NAV","NAV","0","0","3/3","3/3","eliminated","943","8559","div","0"
"https://artificialintelligenceact.eu/recital/53","https://artificialintelligenceact.eu/article/74","NAV","TOC","1","0","3/3","2/3","retained","600","7442","p","0"
"https://artificialintelligenceact.eu/recital/53","https://artificialintelligenceact.eu/article/82","NAV","TOC","1","0","3/3","3/3","retained","600","7442","p","0"
"https://artificialintelligenceact.eu/recital/53","https://artificialintelligenceact.eu/whistleblowing-and-the-eu-ai-act","NAV","NAV","0","0","3/3","3/3","eliminated","943","8559","li","0"
"https://artificialintelligenceact.eu/recital/59","https://artificialintelligenceact.eu/introduction-to-code-of-practice","NAV","NAV","0","0","3/3","3/3","eliminated","943","8559","li","0"
"https://artificialintelligenceact.eu/recital/59","https://artificialintelligenceact.eu/recital/121","NAV","TOC","0","0","3/3","3/3","retained","600","7442","div","0"
"https://artificialintelligenceact.eu/recital/59","https://artificialintelligenceact.eu/recital/156","NAV","TOC","0","0","3/3","3/3","retained","600","7442","div","0"
"https://artificialintelligenceact.eu/recital/61","https://artificialintelligenceact.eu/gpai-guidelines-overview","NAV","NAV","0","0","3/3","3/3","eliminated","943","8559","li","0"
"https://artificialintelligenceact.eu/recital/61","https://artificialintelligenceact.eu/recital/12","NAV","TOC","0","0","3/3","3/3","retained","600","7442","div","0"
"https://artificialintelligenceact.eu/recital/61","https://artificialintelligenceact.eu/recital/141","NAV","TOC","0","0","3/3","3/3","retained","600","7442","div","0"
"https://artificialintelligenceact.eu/recital/61","https://artificialintelligenceact.eu/recital/2","NAV","TOC","0","0","3/3","3/3","retained","600","7442","div","0"
"https://artificialintelligenceact.eu/recital/61","https://artificialintelligenceact.eu/why-work-at-the-eu-ai-office","NAV","NAV","0","0","3/3","3/3","eliminated","943","8559","li","0"
"https://artificialintelligenceact.eu/recital/70","https://artificialintelligenceact.eu/gpai-guidelines-overview","NAV","NAV","0","0","3/3","3/3","eliminated","943","8559","li","0"
"https://artificialintelligenceact.eu/recital/70","https://artificialintelligenceact.eu/recital/154","NAV","TOC","0","0","3/3","3/3","retained","600","7442","div","0"
"https://artificialintelligenceact.eu/recital/70","https://artificialintelligenceact.eu/recital/24","NAV","TOC","0","0","3/3","3/3","retained","600","7442","div","0"
"https://artificialintelligenceact.eu/recital/70","https://artificialintelligenceact.eu/responsibilities-of-member-states","NAV","NAV","0","0","3/3","3/3","eliminated","943","8559","li","0"
"https://artificialintelligenceact.eu/recital/70","https://artificialintelligenceact.eu/standard-setting-overview","NAV","NAV","0","0","3/3","3/3","eliminated","943","8559","li","0"
"https://artificialintelligenceact.eu/recital/70","https://artificialintelligenceact.eu/why-work-at-the-eu-ai-office","NAV","NAV","0","0","3/3","3/3","eliminated","943","8559","li","0"
"https://artificialintelligenceact.eu/recital/87","https://artificialintelligenceact.eu/gpai-guidelines-overview","NAV","NAV","0","0","3/3","3/3","eliminated","943","8559","li","0"
"https://artificialintelligenceact.eu/recital/87","https://artificialintelligenceact.eu/recital/12","NAV","TOC","0","0","3/3","3/3","retained","600","7442","div","0"
"https://artificialintelligenceact.eu/recital/87","https://artificialintelligenceact.eu/recital/141","NAV","TOC","0","0","3/3","3/3","retained","600","7442","div","0"
"https://artificialintelligenceact.eu/recital/93","https://artificialintelligenceact.eu/introduction-to-code-of-practice","NAV","NAV","0","0","3/3","2/3","eliminated","943","8559","li","0"
"https://artificialintelligenceact.eu/recital/93","https://artificialintelligenceact.eu/national-implementation-plans","NAV","NAV","0","0","3/3","3/3","eliminated","943","8559","li","0"
"https://artificialintelligenceact.eu/recital/93","https://artificialintelligenceact.eu/recital/20","NAV","TOC","0","0","3/3","3/3","retained","600","7442","div","0"
"https://artificialintelligenceact.eu/recital/93","https://artificialintelligenceact.eu/recital/59","NAV","TOC","0","0","3/3","3/3","retained","600","7442","div","0"
"https://artificialintelligenceact.eu/recital/93","https://artificialintelligenceact.eu/recital/87","NAV","TOC","0","0","3/3","3/3","retained","600","7442","div","0"
"https://artificialintelligenceact.eu/recital/93","https://artificialintelligenceact.eu/responsibilities-of-member-states","NAV","NAV","0","0","3/3","3/3","eliminated","943","8559","li","0"
"https://artificialintelligenceact.eu/recital/93","https://artificialintelligenceact.eu/scientific-panel","NAV","NAV","0","0","3/3","3/3","eliminated","943","8559","li","0"
"https://artificialintelligenceact.eu/recital/99","https://artificialintelligenceact.eu/article/111","NAV","TOC","1","0","3/3","3/3","eliminated","943","8559","p","0"
"https://artificialintelligenceact.eu/recital/99","https://artificialintelligenceact.eu/recital/61","NAV","TOC","0","0","3/3","3/3","retained","600","7442","div","0"
"https://artificialintelligenceact.eu/recital/99","https://artificialintelligenceact.eu/the-ai-office-summary","NAV","NAV","0","0","3/3","3/3","eliminated","943","8559","li","0"
"https://artificialintelligenceact.eu/responsibilities-of-member-states","https://artificialintelligenceact.eu/gpai-guidelines-overview","NAV","NAV","0","0","3/3","3/3","eliminated","943","8559","li","0"
"https://artificialintelligenceact.eu/responsibilities-of-member-states","https://artificialintelligenceact.eu/responsibilities-of-european-commission-ai-office","NAV","NAV","0","0","3/3","2/3","retained","600","7442","li","0"
"https://artificialintelligenceact.eu/robust-governance-for-the-ai-act","https://artificialintelligenceact.eu/ai-regulatory-sandbox-approaches-eu-member-state-overview","NAV","NAV","0","0","3/3","3/3","eliminated","943","8559","li","0"
"https://artificialintelligenceact.eu/robust-governance-for-the-ai-act","https://artificialintelligenceact.eu/introduction-to-code-of-practice","NAV","NAV","0","0","3/3","2/3","eliminated","943","8559","li","0"
"https://artificialintelligenceact.eu/robust-governance-for-the-ai-act","https://artificialintelligenceact.eu/responsibilities-of-european-commission-ai-office","NAV","NAV","0","0","3/3","3/3","eliminated","943","8559","li","0"
"https://artificialintelligenceact.eu/robust-governance-for-the-ai-act","https://artificialintelligenceact.eu/responsibilities-of-member-states","NAV","NAV","0","0","3/3","3/3","eliminated","943","8559","li","0"
"https://artificialintelligenceact.eu/small-businesses-guide-to-the-ai-act","https://artificialintelligenceact.eu/introduction-to-code-of-practice","NAV","NAV","0","0","3/3","3/3","eliminated","943","8559","li","0"
"https://artificialintelligenceact.eu/the-ai-office-summary","https://artificialintelligenceact.eu/modifying-ai-under-the-eu-ai-act","NAV","NAV","0","0","3/3","3/3","eliminated","943","8559","li","0"
"https://artificialintelligenceact.eu/the-ai-office-summary","https://artificialintelligenceact.eu/providers-of-general-purpose-ai-models-what-we-know-about-who-will-qualify","NAV","NAV","0","0","3/3","3/3","eliminated","943","8559","li","0"
"https://artificialintelligenceact.eu/the-ai-office-summary","https://artificialintelligenceact.eu/small-businesses-guide-to-the-ai-act","NAV","NAV","0","0","3/3","3/3","eliminated","943","8559","li","0"
"https://artificialintelligenceact.eu/whistleblowing-and-the-eu-ai-act","https://artificialintelligenceact.eu/","NAV","NAV","0","0","3/3","3/3","eliminated","943","8559","div","0"
"https://artificialintelligenceact.eu/whistleblowing-and-the-eu-ai-act","https://artificialintelligenceact.eu/standard-setting-overview","NAV","NAV","0","0","3/3","3/3","eliminated","943","8559","li","0"
"https://artificialintelligenceact.eu/why-work-at-the-eu-ai-office","https://artificialintelligenceact.eu/modifying-ai-under-the-eu-ai-act","NAV","NAV","0","0","3/3","3/3","eliminated","943","8559","li","0"
"https://artificialintelligenceact.eu/why-work-at-the-eu-ai-office","https://artificialintelligenceact.eu/providers-of-general-purpose-ai-models-what-we-know-about-who-will-qualify","NAV","NAV","0","0","3/3","3/3","eliminated","943","8559","li","0"
"https://artificialintelligenceact.eu/why-work-at-the-eu-ai-office","https://artificialintelligenceact.eu/responsibilities-of-european-commission-ai-office","NAV","NAV","0","0","3/3","3/3","eliminated","943","8559","li","0"
"https://artificialintelligenceact.eu/why-work-at-the-eu-ai-office","https://artificialintelligenceact.eu/standard-setting-overview","NAV","NAV","0","0","3/3","3/3","eliminated","943","8559","li","0"
"https://artificialintelligenceact.eu/why-work-at-the-eu-ai-office","https://artificialintelligenceact.eu/the-ai-office-summary","NAV","NAV","0","0","3/3","3/3","eliminated","943","8559","li","0"
"https://artificialintelligenceact.eu/why-work-at-the-eu-ai-office","https://artificialintelligenceact.eu/whistleblowing-and-the-eu-ai-act","NAV","NAV","0","0","3/3","2/3","eliminated","943","8559","li","0"
"https://artificialintelligenceact.substack.com/p/the-eu-ai-act-newsletter-85-concerns","https://csis.org/analysis/inside-europes-ai-strategy-eu-ai-office-director-lucilla-sioli","EDITORIAL","EDIT_EXT","1","1","3/3","3/3","retained","600","7442","p","1"
"https://artificialintelligenceact.substack.com/p/the-eu-ai-act-newsletter-91-whistleblower","https://cooley.com/news/insight/2025/2025-11-24-eu-ai-act-proposed-digital-omnibus-on-ai-will-impact-businesses-ai-compliance-roadmaps","RECO","RECO","1","0","2/3","3/3","retained","600","7442","figure","1"
"https://artificialintelligenceact.substack.com/p/the-eu-ai-act-newsletter-92-ai-sandboxes","https://euractiv.com/news/councils-simplification-hawks-smell-blood-on-ripping-up-tech-rules","EDITORIAL","EDIT_EXT","1","1","3/3","3/3","retained","600","7442","p","1"
"https://artificialintelligenceact.substack.com/p/the-eu-ai-act-newsletter-95-one-law","https://euractiv.com/news/ai-companies-are-not-being-as-transparent-as-the-eu-wants","EDITORIAL","EDIT_EXT","1","1","3/3","3/3","retained","600","7442","p","1"
"https://artificialintelligenceact.substack.com/p/the-eu-ai-act-newsletter-99-bridging","https://europarl.europa.eu/news/en/press-room/20260323IPR38829/artificial-intelligence-act-delayed-application-ban-on-nudifier-apps","EDITORIAL","EDIT_EXT","1","1","3/3","3/3","retained","600","7442","p","1"
"https://arws.cz/news-at-arrows/prohibited-uses-of-ai-in-the-new-eu-ai-regulation","https://hai.stanford.edu/news/analyzing-european-union-ai-act-what-works-what-needs-improvement","EDITORIAL","EDIT_EXT","1","1","2/3","3/3","retained","600","7442","p","1"
"https://arxiv.org/abs/2603.26983","https://arxiv.org/html/2603.26983v1","NAV","NAV","0","0","2/3","3/3","retained","600","7442","div","0"
"https://arxiv.org/html/2502.06559v2","https://arxiv.org/abs/2410.07959","EDITORIAL","REF_BIB","1","1","3/3","3/3","retained","600","7442","span","0"
"https://arxiv.org/html/2506.17347v3","https://adalovelaceinstitute.org/resource/ai-supply-chains","EDITORIAL","REF_BIB","1","1","3/3","3/3","retained","600","7442","span","1"
"https://asiahouse.org/2024/08/26/qatars-ai-landscape-a-focus-on-data-centres-and-aligning-regulation-with-the-us-and-the-eu","https://york.ac.uk/assuring-autonomy/news/blog/ai-regulation-middle-east","EDITORIAL","REF_BIB","1","1","3/3","3/3","retained","600","7442","p","1"
"https://asiapacific.ca/publication/asean-issues-guidelines-artificial-intelligence","https://nytimes.com/2023/12/06/technology/artificial-intelligence-regulation.html","EDITORIAL","EDIT_EXT","1","1","3/3","3/3","retained","600","7442","p","1"
"https://atlanticcouncil.org/blogs/new-atlanticist/experts-react/experts-react-the-eu-made-a-deal-on-ai-rules-but-can-regulators-move-at-the-speed-of-tech","https://politico.eu/article/france-germany-power-grab-kill-eu-blockbuster-ai-artificial-intelligence-bill","EDITORIAL","EDIT_EXT","1","1","3/3","3/3","retained","600","7442","p","1"
"https://atlanticcouncil.org/blogs/new-atlanticist/trump-should-keep-not-cut-bidens-last-minute-offer-of-federal-land-for-ai-data-centers","https://whitehouse.gov/presidential-actions/2025/01/initial-rescissions-of-harmful-executive-orders-and-actions","EDITORIAL","EDIT_EXT","1","1","3/3","3/3","retained","600","7442","p","1"
"https://atlanticcouncil.org/in-depth-research-reports/report/second-order-impacts-of-civil-artificial-intelligence-regulation-on-defense-why-the-national-security-community-must-engage","https://arnoldporter.com/en/perspectives/publications/2024/01/what-the-g7-code-of-conduct-means-for-global-ai-compliance","EDITORIAL","REF_BIB","1","1","2/3","3/3","retained","600","7442","span","1"
"https://atomicmail.io/blog/ai-regulation-news-global-changes-and-watchlist","https://montrealethics.ai/the-death-of-canadas-artificial-intelligence-and-data-act-what-happened-and-whats-next-for-ai-regulation-in-canada","EDITORIAL","EDIT_EXT","1","1","3/3","3/3","retained","600","7442","li","1"
"https://attackofthefanboy.com/politics/trump-administration-is-moving-away-from-tighter-ai-regulation-but-the-tech-industry-still-anxiously-awaits-executive-order","https://politico.com/news/2026/05/07/white-house-ai-oversight-00910837","EDITORIAL","EDIT_EXT","1","1","3/3","3/3","retained","600","7442","p","1"
"https://audacy.com/wwl/news/national/salesforce-ceo-calls-for-ai-regulation-to-prevent-suicides","https://cnbc.com/2025/12/11/trump-signs-executive-order-for-single-national-ai-regulation-framework.html","EDITORIAL","EDIT_EXT","1","1","3/3","3/3","retained","600","7442","p","1"
"https://avepoint.com/blog/protect/eu-ai-act-compliance-101-obligations-risks-and-best-practices-for-eu-and-global-organizations","https://artificialintelligenceact.eu/","EDITORIAL","EDIT_EXT","1","1","3/3","3/3","retained","600","7442","p","1"
"https://aws.amazon.com/blogs/machine-learning/building-trust-in-ai-the-aws-approach-to-the-eu-ai-act","https://digital-strategy.ec.europa.eu/en/library/commission-publishes-guidelines-ai-system-definition-facilitate-first-ai-acts-rules-application","EDITORIAL","EDIT_EXT","1","1","3/3","3/3","retained","600","7442","p","1"
"https://aws.amazon.com/blogs/machine-learning/building-trust-in-ai-the-aws-approach-to-the-eu-ai-act","https://eur-lex.europa.eu/eli/reg/2024/1689/oj/eng","EDITORIAL","EDIT_EXT","1","1","3/3","3/3","retained","600","7442","p","1"
"https://azmoy.com/blog/human-in-the-loop-eu-ai-act-technical-implementation","https://artificialintelligenceact.eu/","EDITORIAL","EDIT_EXT","1","1","3/3","3/3","retained","600","7442","p","1"
"https://bakerdonelson.com/top-five-ai-procurement-questions-general-counsel-for-manufacturers-should-consider","https://bakerdonelson.com/whos-who-under-the-eu-ai-act-spotlight-on-key-actors","EDITORIAL","EDIT_INT","1","1","3/3","3/3","retained","600","7442","li","0"
"https://barclaydamon.com/alerts/eu-leads-the-way-on-artificial-intelligence-regulation","https://digital-strategy.ec.europa.eu/en/policies/regulatory-framework-ai","EDITORIAL","NOMAJ","1","1","1/3","3/3","retained","600","7442","p","1"
"https://beacontn.org/a-closer-look-at-federal-policy-on-ai","https://rstreet.org/commentary/white-house-executive-order-threatens-to-put-ai-in-regulatory-cage","EDITORIAL","EDIT_EXT","1","1","3/3","3/3","retained","600","7442","p","1"
"https://beautytechderm.com/regulations","https://artificialintelligenceact.eu/","EDITORIAL","EDIT_EXT","1","1","3/3","3/3","retained","600","7442","p","1"
"https://betterworks.com/magazine/eu-ai-act-performance-management-what-hr-leaders-need-to-know","https://digital-strategy.ec.europa.eu/en/policies/regulatory-framework-ai","EDITORIAL","EDIT_EXT","1","1","3/3","3/3","retained","600","7442","p","1"
"https://beyer.house.gov/news/documentsingle.aspx?DocumentID=9009","https://beyer.house.gov/news/documentsingle.aspx?DocumentID=6052","EDITORIAL","EDIT_INT","1","1","2/3","3/3","retained","600","7442","u","0"
"https://bgoventures.com/navigating-europes-new-health-data-regulations-what-investors-and-startups-need-to-know","https://hbr.org/2024/02/the-eus-ai-act-and-how-companies-can-achieve-compliance","EDITORIAL","NOMAJ","1","1","1/3","3/3","retained","600","7442","em","1"
"https://bhr.stern.nyu.edu/quick-take/trumps-executive-order-on-ai-creates-a-dangerous-regulatory-vacuum","https://theguardian.com/technology/2025/dec/13/california-ai-executive-order-trump-gavin-newsom","EDITORIAL","EDIT_EXT","1","1","3/3","3/3","retained","600","7442","p","1"
"https://bipartisanpolicy.org/explainer/high-risk-high-reward-ai","https://digital-strategy.ec.europa.eu/en/policies/regulatory-framework-ai","EDITORIAL","EDIT_EXT","1","1","2/3","3/3","retained","600","7442","p","1"
"https://bipartisanpolicy.org/testimony-letter/ntia-ai-accountability-comments","https://bipartisanpolicy.org/explainer/high-risk-high-reward-ai","EDITORIAL","EDIT_INT","1","1","2/3","3/3","retained","600","7442","p","0"
"https://bisi.org.uk/reports/claudes-new-constitution-ai-alignment-ethics-and-the-future-of-model-governance","https://anthropic.com/news/eu-code-practice","EDITORIAL","EDIT_EXT","1","1","3/3","3/3","retained","600","7442","p","1"
"https://bisi.org.uk/reports/global-fragmentation-of-ai-governance","https://orrick.com/en/Insights/2025/12/5-Things-to-Know-About-Trumps-AI-Executive-Order","EDITORIAL","EDIT_EXT","1","1","2/3","3/3","retained","600","7442","p","1"
"https://bitkom.org/EN/List-and-detailpages/Publications/Position-on-EU-Artificial-Intelligence-Act-trilogue-negotiations","https://bitkom.org/EN/List-and-detailpages/Publications/Cloud-AI-Development-Act","RECO","RECO","1","0","3/3","3/3","eliminated","943","8559","h3","0"
"https://blog.ipleaders.in/global-ai-regulatory-framework-where-is-it-heading","https://digital-strategy.ec.europa.eu/en/policies/regulatory-framework-ai","EDITORIAL","NOMAJ","1","1","1/3","3/3","eliminated","943","8559","li","1"
"https://blog.mean.ceo/eu-ai-act-for-startups","https://artificialintelligenceact.eu/","EDITORIAL","EDIT_EXT","1","1","3/3","3/3","retained","600","7442","p","1"
"https://blog.rsisecurity.com/navigating-the-eu-ai-act-with-iso-42001","https://artificialintelligenceact.eu/","EDITORIAL","EDIT_EXT","1","1","3/3","3/3","retained","600","7442","span","1"
"https://blog.workday.com/en-se/while-eu-ai-act-stalls-workday-leads-trusted-compliant-ai-fy27-q1.html","https://blog.workday.com/en-us/working-ensure-public-policy-builds-trust-drives-innovation-forever-forward.html","EDITORIAL","EDIT_INT","1","1","3/3","3/3","retained","600","7442","p","0"
"https://blogs.law.ox.ac.uk/oblb/blog-post/2025/03/eu-ai-act-global-game-changer-or-roadblock-innovation-us","https://medialaws.eu/rivista/navigating-the-transatlantic-ai-landscape-the-eu-artificial-intelligence-act-and-its-ripple-effect-on-the-us","EDITORIAL","EDIT_EXT","1","1","3/3","3/3","retained","600","7442","span","1"
"https://blogs.law.ox.ac.uk/oblb/blog-post/2025/09/artificial-intelligence-and-eu-insider-regulation","https://papers.ssrn.com/sol3/papers.cfm?abstract_id=5384469","EDITORIAL","EDIT_EXT","1","1","3/3","3/3","retained","600","7442","p","1"
"https://blogs.lse.ac.uk/seac/2024/04/22/southeast-asia-artificial-intelligence-governance-guide-in-formation-picking-no-side-among-global-powers","https://reuters.com/technology/southeast-asia-eyes-hands-off-ai-rules-defying-eu-ambitions-2023-10-11","EDITORIAL","EDIT_EXT","1","1","3/3","3/3","retained","600","7442","p","1"
"https://bloodinthemachine.com/p/what-trump-really-wants-with-ai","https://bloodinthemachine.com/p/trumps-ai-action-plan-is-a-blueprint","EDITORIAL","EDIT_INT","1","1","3/3","3/3","eliminated","943","8559","p","0"
"https://bloodinthemachine.com/p/what-trump-really-wants-with-ai","https://science.org/doi/10.1126/science.aee4900","EDITORIAL","EDIT_EXT","1","1","3/3","3/3","eliminated","943","8559","p","1"
"https://bluefly.ai/ethics-and-ai","https://gibsondunn.com/oversight-of-ai-rules-for-artificial-intelligence-and-artificial-intelligence-in-government-hearings","EDITORIAL","EDIT_EXT","1","1","3/3","3/3","retained","600","7442","span","1"
"https://bonnard-lawson.com/news/swiss-ai-regulation-what-every-company-should-know-in-2025","https://edoeb.admin.ch/en/09112023-current-data-protection-legislation-is-directly-applicable-to-ai","EDITORIAL","REF_BIB","1","1","2/3","3/3","retained","600","7442","p","1"
"https://bonoboinsight.com/post/agreement-on-the-eu-ai-act-what-we-know-and-what-it-means","https://consilium.europa.eu/en/press/press-releases/2023/12/09/artificial-intelligence-act-council-and-parliament-strike-a-deal-on-the-first-worldwide-rules-for-ai","EDITORIAL","EDIT_EXT","1","1","3/3","3/3","retained","600","7442","span","1"
"https://bradley.com/insights/publications/2025/08/global-ai-governance-five-key-frameworks-explained","https://kpmg.com/ch/en/insights/artificial-intelligence/iso-iec-42001.html","EDITORIAL","EDIT_EXT","1","1","3/3","3/3","retained","600","7442","p","1"
"https://brennancenter.org/our-work/analysis-opinion/congress-shouldnt-stop-states-regulating-ai-especially-no-alternative","https://brennancenter.org/our-work/analysis-opinion/perils-and-promise-ai-regulation","EDITORIAL","EDIT_INT","1","1","3/3","3/3","retained","600","7442","p","0"
"https://brennancenter.org/our-work/analysis-opinion/good-bad-and-really-weird-ai-provisions-annual-defense-policy-bill","https://warren.senate.gov/newsroom/press-releases/warren-schmitt-renew-bipartisan-fight-for-more-competition-in-pentagons-ai-and-cloud-contracting","EDITORIAL","EDIT_EXT","1","1","3/3","3/3","retained","600","7442","p","1"
"https://brighter.ai/resources/how-the-eu-ai-act-can-change-the-adas-industry","https://mane.co.uk/resources/blog/the-eu-ai-act--a-game-changer-for-the-automotive-and-motorsport-industries","EDITORIAL","EDIT_EXT","1","1","2/3","3/3","eliminated","943","8559","span","1"
"https://bristoledition.org/blog/2026/02/06/will-ct-pass-ai-legislation-this-year","https://du.edu/news/colorado-pumping-brakes-first-its-kind-ai-regulation-find-practical-path-forward","EDITORIAL","EDIT_EXT","1","1","3/3","3/3","retained","600","7442","p","1"
"https://brookings.edu/articles/a-comprehensive-and-distributed-approach-to-ai-regulation","https://brookings.edu/articles/the-eu-and-us-diverge-on-ai-regulation-a-transatlantic-comparison-and-steps-to-alignment","RECO","RECO","1","0","3/3","3/3","eliminated","943","8559","article","0"
"https://brookings.edu/articles/ai-policy-directions-in-the-new-trump-administration","https://brookings.edu/articles/why-ai-policy-thrives-in-some-states-and-fades-in-others","RECO","RECO","1","0","3/3","3/3","eliminated","943","8559","article","0"
"https://brookings.edu/articles/ais-threat-to-individual-autonomy-in-hiring-decisions","https://news.bloomberglaw.com/us-law-week/we-need-to-stop-pretending-that-ai-regulation-stifles-innovation","EDITORIAL","EDIT_EXT","1","1","3/3","3/3","retained","600","7442","p","1"
"https://brookings.edu/articles/efficient-government-and-safe-innovation-a-collaborative-approach-to-artificial-intelligence-policy","https://brookings.edu/articles/states-can-and-should-regulate-ai-in-criminal-justice","RECO","RECO","1","0","3/3","3/3","eliminated","943","8559","article","0"
"https://brookings.edu/articles/five-points-of-bipartisan-agreement-on-how-to-regulate-ai","https://brookings.edu/articles/states-can-and-should-regulate-ai-in-criminal-justice","RECO","RECO","1","0","3/3","3/3","eliminated","943","8559","article","0"
"https://brookings.edu/articles/for-ai-to-make-government-work-better-reduce-risk-and-increase-transparency","https://brookings.edu/articles/the-global-ai-race-will-us-innovation-lead-or-lag","RECO","RECO","1","0","3/3","3/3","eliminated","943","8559","article","0"
"https://brookings.edu/articles/how-public-ai-can-strengthen-democracy","https://brennancenter.org/our-work/research-reports/states-take-lead-regulating-artificial-intelligence","EDITORIAL","EDIT_EXT","1","1","3/3","3/3","retained","600","7442","p","1"
"https://brookings.edu/articles/how-to-systemically-think-about-ai-regulation","https://brookings.edu/articles/will-the-white-house-ai-executive-order-deliver-on-its-promises","RECO","RECO","1","0","3/3","3/3","eliminated","943","8559","article","0"
"https://brookings.edu/articles/nists-ai-risk-management-framework-plants-a-flag-in-the-ai-debate","https://brookings.edu/articles/opportunities-and-blind-spots-in-the-white-houses-blueprint-for-an-ai-bill-of-rights","RECO","RECO","1","0","3/3","3/3","eliminated","943","8559","article","0"
"https://brookings.edu/articles/regulating-general-purpose-ai-areas-of-convergence-and-divergence-across-the-eu-and-the-us","https://digital-strategy.ec.europa.eu/en/policies/regulatory-framework-ai","EDITORIAL","EDIT_EXT","1","1","3/3","3/3","retained","600","7442","p","1"
"https://brookings.edu/articles/states-are-legislating-ai-but-a-moratorium-could-stall-their-progress","https://brookings.edu/articles/states-can-and-should-regulate-ai-in-criminal-justice","RECO","RECO","1","0","3/3","3/3","eliminated","943","8559","article","0"
"https://brookings.edu/articles/the-bletchley-park-process-could-be-a-building-block-for-global-cooperation-on-ai-safety","https://nist.gov/news-events/news/2024/08/us-ai-safety-institute-signs-agreements-regarding-ai-safety-research","EDITORIAL","EDIT_EXT","1","1","3/3","3/3","retained","600","7442","p","1"
"https://brookings.edu/articles/with-ai-we-need-both-competition-and-safety","https://brookings.edu/articles/can-california-fill-the-federal-void-on-frontier-ai-regulation","RECO","RECO","1","0","3/3","3/3","eliminated","943","8559","article","0"
"https://bruegel.org/analysis/adapting-european-union-ai-act-deal-generative-artificial-intelligence","https://crfm.stanford.edu/2023/06/15/eu-ai-act.html","EDITORIAL","REF_BIB","1","1","3/3","3/3","retained","600","7442","span","1"
"https://bruegel.org/analysis/european-union-ai-act-premature-or-precocious-regulation","https://bruegel.org/analysis/european-union-needs-more-digital-omnibus-make-digital-services-competitive","RECO","RECO","1","0","3/3","2/3","eliminated","943","8559","article","0"
"https://bscdesigner.com/ai-governance.htm","https://digital-strategy.ec.europa.eu/en/policies/regulatory-framework-ai","EDITORIAL","EDIT_EXT","1","1","3/3","3/3","retained","600","7442","p","1"
"https://builtin.com/articles/trump-state-ai-laws-ban","https://techpolicy.press/transcript-sam-altman-testifies-at-us-senate-hearing-on-ai-competitiveness","EDITORIAL","EDIT_EXT","1","1","3/3","3/3","retained","600","7442","p","1"
"https://builtin.com/artificial-intelligence/ai-super-pacs-2026-midterm-election-regulation","https://builtin.com/articles/super-pacs-ai-regulation-2026-midterms","EDITORIAL","EDIT_INT","1","1","3/3","3/3","retained","600","7442","p","0"
"https://builtin.com/artificial-intelligence/anti-ai","https://builtin.com/articles/trump-ai-action-plan","EDITORIAL","EDIT_INT","1","1","3/3","3/3","retained","600","7442","p","0"
"https://burges-salmon.com/articles/102ilxv/the-law-society-response-to-uk-government-white-paper-on-ai-regulation","https://burges-salmon.com/articles/102mvdu/eu-ai-act-commission-publishes-draft-guidelines-on-high-risk-ai-classification","RECO","RECO","1","0","3/3","3/3","eliminated","943","8559","h2","0"
"https://burges-salmon.com/articles/102jze3/eu-publishes-guidelines-on-definition-of-ai-system-under-ai-act","https://burges-salmon.com/articles/102mvdu/eu-ai-act-commission-publishes-draft-guidelines-on-high-risk-ai-classification","RECO","RECO","1","0","3/3","3/3","eliminated","943","8559","h2","0"
"https://businessroundtable.org/business-roundtable-response-to-request-for-information-on-regulatory-reform-on-artificial-intelligence","https://multistate.ai/artificial-intelligence-ai-legislation","EDITORIAL","REF_BIB","1","1","2/3","3/3","retained","600","7442","li","1"
"https://cadeproject.org/updates/eu-commission-to-delay-high-risk-ai-guidance","https://cadeproject.org/updates/poland-advances-ai-oversight-law-to-align-with-eu-artificial-intelligence-act","RECO","RECO","1","0","3/3","3/3","eliminated","943","8559","div","0"
"https://cadeproject.org/updates/the-eu-commission-opens-consultation-on-high-risk-ai-systems-under-the-ai-act","https://cadeproject.org/updates/poland-advances-ai-oversight-law-to-align-with-eu-artificial-intelligence-act","RECO","RECO","1","0","3/3","3/3","eliminated","943","8559","div","0"
"https://caidp.org/","https://caidp.org/events/brusselseffect","NAV","NAV","0","0","3/3","3/3","eliminated","943","8559","li","0"
"https://caidp.org/","https://caidp.org/resources/eu-ai-act","NAV","NAV","0","0","3/3","2/3","eliminated","943","8559","li","0"
"https://caidp.org/awards","https://caidp.org/events/oct2023-dc-ugai/papers","NAV","NAV","0","0","3/3","3/3","eliminated","943","8559","li","0"
"https://caidp.org/awards","https://caidp.org/reports/caidp-index-2022","NAV","NAV","0","0","3/3","3/3","eliminated","943","8559","li","0"
"https://caidp.org/awards","https://caidp.org/statements","NAV","NAV","0","0","3/3","2/3","eliminated","943","8559","li","0"
"https://caidp.org/cases/openai","https://caidp.org/events/uk-ai-summit","NAV","NAV","0","0","3/3","3/3","eliminated","943","8559","li","0"
"https://caidp.org/cases/openai","https://caidp.org/statements","NAV","NAV","0","0","3/3","3/3","eliminated","943","8559","li","0"
"https://caidp.org/cases/zoom","https://caidp.org/events/brusselseffect","NAV","NAV","0","0","3/3","3/3","eliminated","943","8559","li","0"
"https://caidp.org/cases/zoom","https://caidp.org/resources/eu-ai-act","NAV","NAV","0","0","3/3","2/3","eliminated","943","8559","li","0"
"https://caidp.org/cases/zoom","https://caidp.org/resources/united-nations","NAV","NAV","0","0","3/3","3/3","eliminated","943","8559","li","0"
"https://caidp.org/cases/zoom","https://caidp.org/statements","NAV","NAV","0","0","3/3","3/3","eliminated","943","8559","li","0"
"https://caidp.org/events/brusselseffect","https://caidp.org/","NAV","NAV","0","0","3/3","3/3","eliminated","943","8559","li","0"
"https://caidp.org/events/brusselseffect","https://caidp.org/events/oct2023-dc-ugai/agenda","NAV","NAV","0","0","3/3","3/3","eliminated","943","8559","li","0"
"https://caidp.org/events/brusselseffect","https://caidp.org/public-voice/ai-action-plan-ostp-2025","NAV","NAV","0","0","3/3","3/3","eliminated","943","8559","li","0"
"https://caidp.org/events/in-congress-house-oversight","https://caidp.org/cases/openai","NAV","NAV","0","0","3/3","3/3","eliminated","943","8559","li","0"
"https://caidp.org/events/in-congress-house-oversight","https://caidp.org/public-voice/fec-us-2023","NAV","NAV","0","0","3/3","3/3","eliminated","943","8559","li","0"
"https://caidp.org/events/in-congress-house-oversight","https://caidp.org/public-voice/ntia-ai-accountability-us-2023","NAV","NAV","0","0","3/3","3/3","eliminated","943","8559","li","0"
"https://caidp.org/events/in-congress-house-oversight","https://caidp.org/public-voice/omb-us-2023","NAV","NAV","0","0","3/3","3/3","eliminated","943","8559","li","0"
"https://caidp.org/events/in-congress-house-oversight","https://caidp.org/reports/aidv-2023","NAV","NAV","0","0","3/3","3/3","eliminated","943","8559","li","0"
"https://caidp.org/events/oct2023-dc-ugai","https://caidp.org/awards","NAV","NAV","0","0","3/3","3/3","eliminated","943","8559","li","0"
"https://caidp.org/events/oct2023-dc-ugai","https://caidp.org/resources/united-nations","NAV","NAV","0","0","3/3","3/3","eliminated","943","8559","li","0"
"https://caidp.org/events/oct2023-dc-ugai/agenda","https://caidp.org/awards","NAV","NAV","0","0","3/3","3/3","eliminated","943","8559","li","0"
"https://caidp.org/events/oct2023-dc-ugai/agenda","https://caidp.org/cases/zoom","NAV","NAV","0","0","3/3","3/3","eliminated","943","8559","li","0"
"https://caidp.org/events/oct2023-dc-ugai/agenda","https://caidp.org/public-voice/omb-us-2023","NAV","NAV","0","0","3/3","3/3","eliminated","943","8559","li","0"
"https://caidp.org/events/oct2023-dc-ugai/agenda","https://caidp.org/public-voice/pcast-us-2023","NAV","NAV","0","0","3/3","3/3","eliminated","943","8559","li","0"
"https://caidp.org/events/oct2023-dc-ugai/agenda","https://caidp.org/reports/caidp-index-2022","NAV","NAV","0","0","3/3","3/3","eliminated","943","8559","li","0"
"https://caidp.org/events/oct2023-dc-ugai/agenda","https://caidp.org/resources/united-nations","NAV","NAV","0","0","3/3","3/3","eliminated","943","8559","li","0"
"https://caidp.org/events/oct2023-dc-ugai/papers","https://caidp.org/public-voice","NAV","NAV","0","0","3/3","2/3","eliminated","943","8559","li","0"
"https://caidp.org/events/oct2023-dc-ugai/papers","https://caidp.org/public-voice/fec-us-2023","NAV","NAV","0","0","3/3","2/3","eliminated","943","8559","li","0"
"https://caidp.org/events/oct2023-dc-ugai/papers","https://caidp.org/public-voice/ostp-workers-and-ai-us-2023","NAV","NAV","0","0","3/3","3/3","eliminated","943","8559","li","0"
"https://caidp.org/events/oct2023-dc-ugai/papers","https://caidp.org/reports/aidv-2023","NAV","NAV","0","0","3/3","3/3","eliminated","943","8559","li","0"
"https://caidp.org/events/oct2023-dc-ugai/papers","https://caidp.org/reports/caidp-index-2025","NAV","NAV","0","0","3/3","3/3","eliminated","943","8559","li","0"
"https://caidp.org/events/uk-ai-summit","https://caidp.org/cases/openai","NAV","NAV","0","0","3/3","3/3","eliminated","943","8559","li","0"
"https://caidp.org/events/uk-ai-summit","https://caidp.org/events/oct2023-dc-ugai/agenda","NAV","NAV","0","0","3/3","3/3","eliminated","943","8559","li","0"
"https://caidp.org/events/uk-ai-summit","https://caidp.org/statements","NAV","NAV","0","0","3/3","3/3","eliminated","943","8559","li","0"
"https://caidp.org/public-voice","https://caidp.org/cases/zoom","NAV","NAV","0","0","3/3","3/3","eliminated","943","8559","li","0"
"https://caidp.org/public-voice","https://caidp.org/public-voice/omb-us-2023","NAV","NAV","0","0","3/3","2/3","eliminated","943","8559","li","0"
"https://caidp.org/public-voice","https://caidp.org/reports/aidv-2023","NAV","NAV","0","0","3/3","2/3","eliminated","943","8559","li","0"
"https://caidp.org/public-voice/ai-action-plan-ostp-2025","https://caidp.org/awards","NAV","NAV","0","0","3/3","3/3","eliminated","943","8559","li","0"
"https://caidp.org/public-voice/ai-action-plan-ostp-2025","https://caidp.org/public-voice/ftc-cloud-computing-us-2023","NAV","NAV","0","0","3/3","3/3","eliminated","943","8559","li","0"
"https://caidp.org/public-voice/ai-action-plan-ostp-2025","https://caidp.org/public-voice/omb-us-2023","NAV","NAV","0","0","3/3","3/3","eliminated","943","8559","li","0"
"https://caidp.org/public-voice/ai-action-plan-ostp-2025","https://caidp.org/resources/eu-ai-act","NAV","NAV","0","0","3/3","3/3","eliminated","943","8559","li","0"
"https://caidp.org/public-voice/fec-us-2023","https://caidp.org/cases/zoom","NAV","NAV","0","0","3/3","3/3","eliminated","943","8559","li","0"
"https://caidp.org/public-voice/fec-us-2023","https://caidp.org/public-voice/ostp-workers-and-ai-us-2023","NAV","NAV","0","0","3/3","3/3","eliminated","943","8559","li","0"
"https://caidp.org/public-voice/fec-us-2023","https://caidp.org/public-voice/pcast-us-2023","NAV","NAV","0","0","3/3","3/3","eliminated","943","8559","li","0"
"https://caidp.org/public-voice/fec-us-2023","https://caidp.org/reports/caidp-index-2022","NAV","NAV","0","0","3/3","3/3","eliminated","943","8559","li","0"
"https://caidp.org/public-voice/ftc-cloud-computing-us-2023","https://caidp.org/events/in-congress-house-oversight","NAV","NAV","0","0","3/3","3/3","eliminated","943","8559","li","0"
"https://caidp.org/public-voice/ftc-cloud-computing-us-2023","https://caidp.org/public-voice/ai-action-plan-ostp-2025","NAV","NAV","0","0","3/3","3/3","eliminated","943","8559","li","0"
"https://caidp.org/public-voice/ftc-cloud-computing-us-2023","https://caidp.org/public-voice/pcast-us-2023","NAV","NAV","0","0","3/3","3/3","eliminated","943","8559","li","0"
"https://caidp.org/public-voice/ftc-cloud-computing-us-2023","https://caidp.org/reports/caidp-index-2022","NAV","NAV","0","0","3/3","3/3","retained","600","7442","li","0"
"https://caidp.org/public-voice/ftc-cloud-computing-us-2023","https://caidp.org/resources/eu-ai-act","NAV","NAV","0","0","3/3","2/3","eliminated","943","8559","li","0"
"https://caidp.org/public-voice/ftc-cloud-computing-us-2023","https://caidp.org/resources/trade-and-technology-council","NAV","NAV","0","0","3/3","3/3","eliminated","943","8559","li","0"
"https://caidp.org/public-voice/ntia-ai-accountability-us-2023","https://caidp.org/cases/openai","NAV","NAV","0","0","3/3","3/3","eliminated","943","8559","li","0"
"https://caidp.org/public-voice/ntia-ai-accountability-us-2023","https://caidp.org/public-voice/fec-us-2023","NAV","NAV","0","0","3/3","2/3","eliminated","943","8559","li","0"
"https://caidp.org/public-voice/omb-us-2023","https://caidp.org/events/brusselseffect","NAV","NAV","0","0","3/3","3/3","eliminated","943","8559","li","0"
"https://caidp.org/public-voice/omb-us-2023","https://caidp.org/events/oct2023-dc-ugai","NAV","NAV","0","0","3/3","3/3","eliminated","943","8559","li","0"
"https://caidp.org/public-voice/omb-us-2023","https://caidp.org/public-voice","NAV","NAV","0","0","3/3","3/3","eliminated","943","8559","li","0"
"https://caidp.org/public-voice/omb-us-2023","https://caidp.org/public-voice/ntia-ai-accountability-us-2023","NAV","NAV","0","0","3/3","3/3","eliminated","943","8559","li","0"
"https://caidp.org/public-voice/omb-us-2023","https://caidp.org/resources/united-nations","NAV","NAV","0","0","3/3","3/3","eliminated","943","8559","li","0"
"https://caidp.org/public-voice/ostp-workers-and-ai-us-2023","https://caidp.org/cases/zoom","NAV","NAV","0","0","3/3","3/3","eliminated","943","8559","li","0"
"https://caidp.org/public-voice/ostp-workers-and-ai-us-2023","https://caidp.org/events/oct2023-dc-ugai","NAV","NAV","0","0","3/3","3/3","eliminated","943","8559","li","0"
"https://caidp.org/public-voice/ostp-workers-and-ai-us-2023","https://caidp.org/public-voice/ftc-cloud-computing-us-2023","NAV","NAV","0","0","3/3","2/3","eliminated","943","8559","li","0"
"https://caidp.org/public-voice/ostp-workers-and-ai-us-2023","https://caidp.org/resources/trade-and-technology-council","NAV","NAV","0","0","3/3","3/3","eliminated","943","8559","li","0"
"https://caidp.org/public-voice/pcast-us-2023","https://caidp.org/public-voice/fec-us-2023","NAV","NAV","0","0","3/3","3/3","eliminated","943","8559","li","0"
"https://caidp.org/public-voice/pcast-us-2023","https://caidp.org/public-voice/ftc-cloud-computing-us-2023","NAV","NAV","0","0","3/3","2/3","eliminated","943","8559","li","0"
"https://caidp.org/public-voice/pcast-us-2023","https://caidp.org/public-voice/ostp-workers-and-ai-us-2023","NAV","NAV","0","0","3/3","3/3","eliminated","943","8559","li","0"
"https://caidp.org/reports/aidv-2023","https://caidp.org/public-voice/ai-action-plan-ostp-2025","NAV","NAV","0","0","3/3","3/3","eliminated","943","8559","li","0"
"https://caidp.org/reports/aidv-2023","https://caidp.org/resources/united-nations","NAV","NAV","0","0","3/3","3/3","eliminated","943","8559","li","0"
"https://caidp.org/reports/caidp-index-2022","https://caidp.org/public-voice/omb-us-2023","NAV","NAV","0","0","3/3","2/3","eliminated","943","8559","li","0"
"https://caidp.org/reports/caidp-index-2022","https://caidp.org/public-voice/ostp-workers-and-ai-us-2023","NAV","NAV","0","0","3/3","2/3","eliminated","943","8559","li","0"
"https://caidp.org/reports/caidp-index-2022","https://caidp.org/resources/united-nations","NAV","NAV","0","0","3/3","3/3","eliminated","943","8559","li","0"
"https://caidp.org/reports/caidp-index-2025","https://caidp.org/awards","NAV","NAV","0","0","3/3","3/3","eliminated","943","8559","li","0"
"https://caidp.org/reports/caidp-index-2025","https://caidp.org/cases/zoom","NAV","NAV","0","0","3/3","3/3","eliminated","943","8559","li","0"
"https://caidp.org/reports/caidp-index-2025","https://caidp.org/public-voice/ftc-cloud-computing-us-2023","NAV","NAV","0","0","3/3","3/3","eliminated","943","8559","li","0"
"https://caidp.org/reports/caidp-index-2025","https://caidp.org/resources/naiac","NAV","NAV","0","0","3/3","3/3","eliminated","943","8559","li","0"
"https://caidp.org/reports/caidp-index-2025","https://caidp.org/resources/united-nations","NAV","NAV","0","0","3/3","3/3","eliminated","943","8559","li","0"
"https://caidp.org/reports/caidp-index-2025","https://caidp.org/statements","NAV","NAV","0","0","3/3","3/3","eliminated","943","8559","li","0"
"https://caidp.org/resources/eu-ai-act","https://caidp.org/events/oct2023-dc-ugai/agenda","NAV","NAV","0","0","3/3","3/3","eliminated","943","8559","li","0"
"https://caidp.org/resources/eu-ai-act","https://caidp.org/public-voice/ai-action-plan-ostp-2025","NAV","NAV","0","0","3/3","3/3","eliminated","943","8559","li","0"
"https://caidp.org/resources/eu-ai-act","https://caidp.org/public-voice/omb-us-2023","NAV","NAV","0","0","3/3","2/3","eliminated","943","8559","li","0"
"https://caidp.org/resources/eu-ai-act","https://caidp.org/reports/caidp-index-2022","NAV","NAV","0","0","3/3","3/3","eliminated","943","8559","li","0"
"https://caidp.org/resources/naiac","https://caidp.org/awards","NAV","NAV","0","0","3/3","3/3","eliminated","943","8559","li","0"
"https://caidp.org/resources/naiac","https://caidp.org/cases/zoom","NAV","NAV","0","0","3/3","3/3","eliminated","943","8559","li","0"
"https://caidp.org/resources/naiac","https://caidp.org/events/brusselseffect","NAV","NAV","0","0","3/3","3/3","eliminated","943","8559","li","0"
"https://caidp.org/resources/naiac","https://caidp.org/events/in-congress-house-oversight","NAV","NAV","0","0","3/3","3/3","eliminated","943","8559","li","0"
"https://caidp.org/resources/naiac","https://caidp.org/public-voice/ntia-ai-accountability-us-2023","NAV","NAV","0","0","3/3","2/3","eliminated","943","8559","li","0"
"https://caidp.org/resources/naiac","https://caidp.org/public-voice/ostp-workers-and-ai-us-2023","NAV","NAV","0","0","3/3","3/3","eliminated","943","8559","li","0"
"https://caidp.org/resources/naiac","https://caidp.org/resources/united-nations","NAV","NAV","0","0","3/3","3/3","eliminated","943","8559","li","0"
"https://caidp.org/resources/naiac","https://caidp.org/statements","NAV","NAV","0","0","3/3","2/3","eliminated","943","8559","li","0"
"https://caidp.org/resources/trade-and-technology-council","https://caidp.org/events/oct2023-dc-ugai/papers","NAV","NAV","0","0","3/3","3/3","eliminated","943","8559","li","0"
"https://caidp.org/resources/trade-and-technology-council","https://caidp.org/events/uk-ai-summit","NAV","NAV","0","0","3/3","3/3","eliminated","943","8559","li","0"
"https://caidp.org/resources/trade-and-technology-council","https://caidp.org/public-voice/fec-us-2023","NAV","NAV","0","0","3/3","3/3","eliminated","943","8559","li","0"
"https://caidp.org/resources/trade-and-technology-council","https://caidp.org/reports/caidp-index-2025","NAV","NAV","0","0","3/3","3/3","eliminated","943","8559","li","0"
"https://caidp.org/resources/trade-and-technology-council","https://caidp.org/resources/eu-ai-act","NAV","NAV","0","0","3/3","3/3","eliminated","943","8559","li","0"
"https://caidp.org/resources/united-nations","https://caidp.org/events/oct2023-dc-ugai/papers","NAV","NAV","0","0","3/3","3/3","eliminated","943","8559","li","0"
"https://caidp.org/resources/united-nations","https://caidp.org/public-voice","NAV","NAV","0","0","3/3","2/3","eliminated","943","8559","li","0"
"https://caidp.org/resources/united-nations","https://caidp.org/public-voice/ai-action-plan-ostp-2025","NAV","NAV","0","0","3/3","3/3","eliminated","943","8559","li","0"
"https://caidp.org/resources/united-nations","https://caidp.org/reports/caidp-index-2022","NAV","NAV","0","0","3/3","3/3","eliminated","943","8559","li","0"
"https://caidp.org/statements","https://caidp.org/public-voice/ai-action-plan-ostp-2025","NAV","NAV","0","0","3/3","3/3","eliminated","943","8559","li","0"
"https://caidp.org/statements","https://caidp.org/public-voice/ntia-ai-accountability-us-2023","NAV","NAV","0","0","3/3","2/3","eliminated","943","8559","li","0"
"https://caidp.org/statements","https://caidp.org/public-voice/omb-us-2023","NAV","NAV","0","0","3/3","2/3","eliminated","943","8559","li","0"
"https://caiml.org/dighum/statement-on-ai-act","https://caiml.org/dighum/statement-of-the-digital-humanism-initiative-on-chatgpt","NAV","NAV","0","0","3/3","3/3","eliminated","943","8559","li","0"
"https://calmatters.org/politics/2026/04/newsom-moves-for-california-ai-startups","https://whitehouse.gov/releases/2026/03/president-donald-j-trump-unveils-national-ai-legislative-framework","EDITORIAL","EDIT_EXT","1","1","3/3","3/3","retained","600","7442","p","1"
"https://calvin-risk.com/blog/ai-regulation-in-2025","https://csis.org/analysis/eu-code-practice-general-purpose-ai-key-takeaways-first-draft","EDITORIAL","EDIT_EXT","1","1","2/3","3/3","retained","600","7442","li","1"
"https://calvin-risk.com/blog/solvency-ii-finma-and-the-eu-ai-act-an-intersection-of-ai-risk-management","https://calvin-risk.com/blog/preparing-for-the-eu-ai-act-concrete-steps-to-take-in-2024","EDITORIAL","EDIT_INT","1","1","3/3","3/3","retained","600","7442","p","0"
"https://cambridge.org/core/journals/business-ethics-quarterly/article/is-data-labor-two-conceptions-of-work-and-the-userplatform-relationship/15E922A1132C86474545D35F7F58426D","https://nytimes.com/2023/07/21/technology/ai-united-states-regulation.html","EDITORIAL","REF_BIB","1","1","3/3","3/3","eliminated","943","8559","div","1"
"https://cambridge.org/core/journals/european-journal-of-risk-regulation/article/ai-act-roller-coaster-the-evolution-of-fundamental-rights-protection-in-the-legislative-process-and-the-future-of-the-regulation/5B512DDF859B55D549A7F5D21792AD73","https://caidp.org/reports/aidv-2023","EDITORIAL","REF_BIB","1","1","3/3","3/3","eliminated","943","8559","p","1"
"https://cambridge.org/core/journals/european-journal-of-risk-regulation/article/ai-act-roller-coaster-the-evolution-of-fundamental-rights-protection-in-the-legislative-process-and-the-future-of-the-regulation/5B512DDF859B55D549A7F5D21792AD73","https://digi-con.org/failing-where-it-matters-most","EDITORIAL","REF_BIB","1","1","3/3","3/3","eliminated","943","8559","p","1"
"https://cambridge.org/core/journals/european-journal-of-risk-regulation/article/ai-act-roller-coaster-the-evolution-of-fundamental-rights-protection-in-the-legislative-process-and-the-future-of-the-regulation/5B512DDF859B55D549A7F5D21792AD73","https://europarl.europa.eu/news/en/press-room/20240308IPR19015/artificial-intelligence-act-meps-adopt-landmark-law","EDITORIAL","REF_BIB","1","1","3/3","3/3","eliminated","943","8559","p","1"
"https://cambridge.org/core/journals/european-journal-of-risk-regulation/article/clashing-frameworks-the-eu-ai-act-and-arbitration/7CD459F9C93F75966289AF385E9546B9","https://ec.europa.eu/commission/presscorner/detail/en/statement_23_6474","EDITORIAL","REF_BIB","1","1","3/3","3/3","eliminated","943","8559","p","1"
"https://cambridge.org/core/journals/european-journal-of-risk-regulation/article/european-ai-standards-technical-standardisation-and-implementation-challenges-under-the-eu-ai-act/E5157BA0391FFA9E1A3233E636005192","https://papers.ssrn.com/sol3/papers.cfm?abstract_id=5155591","EDITORIAL","REF_BIB","1","1","3/3","3/3","eliminated","943","8559","p","1"
"https://cambridge.org/core/journals/european-journal-of-risk-regulation/article/european-ai-standards-technical-standardisation-and-implementation-challenges-under-the-eu-ai-act/E5157BA0391FFA9E1A3233E636005192","https://techpolicy.press/the-need-for-and-pathways-to-ai-regulatory-and-technical-interoperability","EDITORIAL","REF_BIB","1","1","3/3","3/3","eliminated","943","8559","p","1"
"https://cambridge.org/core/journals/european-journal-of-risk-regulation/article/infringing-ai-liability-for-aigenerated-outputs-under-international-eu-and-uk-copyright-law/C568C6B717E9CFC45FB52E58E54B6BEC","https://papers.ssrn.com/sol3/papers.cfm?abstract_id=4740268","EDITORIAL","REF_BIB","1","1","3/3","3/3","eliminated","943","8559","p","1"
"https://cambridge.org/core/journals/european-journal-of-risk-regulation/article/more-than-words-a-legal-approach-to-the-risks-of-commercial-chatbots-powered-by-generative-artificial-intelligence/4EB4DD9997211B81283EF7B34299E254","https://nytimes.com/2023/05/30/technology/ai-threat-warning.html","EDITORIAL","REF_BIB","1","1","3/3","3/3","eliminated","943","8559","p","1"
"https://cambridge.org/core/journals/european-journal-of-risk-regulation/article/riskbased-approach-of-the-european-unions-proposed-artificial-intelligence-regulation-some-comments-from-a-tort-law-perspective/A996034CC512B6B8A77B73FE39E77DAE","https://digital-strategy.ec.europa.eu/en/policies/regulatory-framework-ai","EDITORIAL","REF_BIB","1","1","3/3","3/3","eliminated","943","8559","p","1"
"https://cambridge.org/core/journals/european-review/article/lecture-held-at-the-academia-europaea-building-bridges-conference-2022/C61F82D2FF64FFB933282F5E65CDB22A","https://artificialintelligenceact.eu/","EDITORIAL","REF_BIB","1","1","3/3","3/3","eliminated","943","8559","div","1"
"https://capstone-s.com/ai-compliance-challenges","https://europarl.europa.eu/topics/en/article/20230601STO93804/eu-ai-act-first-regulation-on-artificial-intelligence","EDITORIAL","EDIT_EXT","1","1","3/3","3/3","retained","600","7442","span","1"
"https://carnegieendowment.org/emissary/2025/07/ai-congress-bill-state-ban-what-next","https://politico.com/live-updates/2025/06/27/congress/gop-govs-urge-thune-to-nix-ai-moratorium-00430083","EDITORIAL","EDIT_EXT","1","1","3/3","3/3","retained","600","7442","p","1"
"https://carnegieendowment.org/posts/2023/05/what-a-chinese-regulation-proposal-reveals-about-ai-and-democratic-values","https://carnegieendowment.org/research/2023/05/reconciling-the-us-approach-to-ai","RECO","RECO","1","0","3/3","3/3","eliminated","943","8559","article","0"
"https://carnegieendowment.org/research/2024/03/ai-and-product-safety-standards-under-the-eu-ai-act","https://adalovelaceinstitute.org/report/inclusive-ai-governance","EDITORIAL","EDIT_EXT","1","1","3/3","3/3","retained","600","7442","p","1"
"https://carnegieendowment.org/research/2024/03/envisioning-a-global-regime-complex-to-govern-artificial-intelligence","https://foreignaffairs.com/world/artificial-intelligence-power-paradox","EDITORIAL","REF_BIB","1","1","2/3","3/3","retained","600","7442","p","1"
"https://carta.com/policy/ai-regulation","https://nytimes.com/2024/06/10/technology/california-ai-regulation.html","EDITORIAL","EDIT_EXT","1","1","3/3","3/3","eliminated","943","8559","p","1"
"https://cba.org/resources/practice-tools/ethics-of-artificial-intelligence-for-the-legal-practitioner","https://artificialintelligenceact.eu/","EDITORIAL","REF_BIB","1","1","3/3","3/3","retained","600","7442","p","1"
"https://ccianet.org/advocacy/artificial-intelligence","https://ccianet.org/advocacy/artificial-intelligence/state-legislation","NAV","NAV","0","0","3/3","2/3","eliminated","943","8559","li","0"
"https://ccmalta.com/publications/eu-ai-act-compliance","https://ccmalta.com/insights/final-countdown-for-artificial-intelligence-act","RECO","RECO","1","0","3/3","3/3","eliminated","943","8559","div","0"
"https://cdt.org/insights/eu-tech-policy-brief-spring-2024-edition","https://fastcompany.com/91058443/eu-ai-act-nowhere-near-enough-bite","EDITORIAL","EDIT_LIST","1","1","2/3","3/3","retained","600","7442","li","1"
"https://cencenelec.eu/news-events/news/2024/brief-news/2024-07-26-inclusiveness-in-ai-standardization","https://digital-strategy.ec.europa.eu/en/policies/regulatory-framework-ai","EDITORIAL","EDIT_EXT","1","1","3/3","3/3","eliminated","943","8559","p","1"
"https://cepa.org/article/ai-ai-and-more-ai-a-regulatory-roundup","https://cepa.org/article/the-quiet-us-revolution-in-ai-regulation","","NOMAJ","1","0","1/3","3/3","retained","600","7442","li","0"
"https://cepa.org/article/burying-the-brussels-effect-ai-act-inspires-few-copycats","https://cambridge.org/core/journals/german-law-journal/article/brussels-sideeffect-how-the-ai-act-can-reduce-the-global-reach-of-eu-policy/032C72AEC537EBB6AE96C0FD90387E3E","EDITORIAL","EDIT_EXT","1","1","3/3","3/3","retained","600","7442","p","1"
"https://cepa.org/article/the-washington-effect-europe-weighs-pausing-the-ai-act","https://iapp.org/news/a/support-for-ai-act-pause-grows-but-parameters-still-unclear","EDITORIAL","EDIT_EXT","1","1","3/3","3/3","retained","600","7442","p","1"
"https://ceps.eu/ceps-publications/whats-in-a-name","https://ceps.eu/tag/eu-artificial-intelligence-act","NAV","TAG","1","0","3/3","3/3","eliminated","943","8559","div","0"
"https://ceps.eu/tag/eu-artificial-intelligence-act","https://ceps.eu/ceps-publications/whats-in-a-name","RECO","RECO","1","0","3/3","3/3","eliminated","943","8559","div","0"
"https://cequence.ai/eu-ai-act.html","https://artificialintelligenceact.eu/","EDITORIAL","EDIT_EXT","1","1","3/3","3/3","retained","600","7442","p","1"
"https://cer.eu/insights/implementing-ai-act-commissions-first-big-test-better-regulation","https://cambridge.org/core/journals/european-journal-of-risk-regulation/article/acceptable-risks-in-europes-proposed-ai-act-reasonableness-and-other-principles-for-deciding-how-much-risk-management-is-enough/97720BC04BF5F43721392FC23BFF4B2E","EDITORIAL","EDIT_EXT","1","1","3/3","3/3","retained","600","7442","p","1"
"https://cfg.eu/eu-ai-act","https://techpolicy.press/the-eu-ai-act-regulatory-exemplar-or-cautionary-tale","EDITORIAL","EDIT_EXT","1","1","2/3","3/3","eliminated","943","8559","em","1"
"https://cfodive.com/news/trump-ai-action-plan-takes-aim-at-regulatory-red-tape/753845","https://cfodive.com/news/trump-ai-order-shifts-focus-away-risk/738448","EDITORIAL","EDIT_INT","1","1","3/3","3/3","retained","600","7442","p","0"
"https://chalmers.se/en/current/news/cse-eu-s-ai-act-could-face-implementation-challenges","https://europarl.europa.eu/news/en/press-room/20240308IPR19015/artificial-intelligence-act-meps-adopt-landmark-law","EDITORIAL","EDIT_EXT","1","1","3/3","3/3","retained","600","7442","p","1"
"https://charitydigital.org.uk/topics/how-the-eu-ai-act-impacts-you-12609","https://digital-strategy.ec.europa.eu/en/policies/regulatory-framework-ai","EDITORIAL","EDIT_EXT","1","1","3/3","3/3","retained","600","7442","p","1"
"https://chathamhouse.org/2023/06/ai-governance-must-balance-creativity-sensitivity","https://chathamhouse.org/2025/05/us-china-ai-race-forcing-countries-reconsider-who-owns-their-digital-infrastructure","RECO","RECO","1","0","3/3","3/3","eliminated","943","8559","article","0"
"https://ciananclancy.com/github-and-europes-ai-act","https://techcrunch.com/2023/10/30/president-biden-issues-executive-order-to-set-standards-for-ai-safety-and-security","EDITORIAL","EDIT_EXT","1","1","3/3","3/3","retained","600","7442","p","1"
"https://cigionline.org/articles/data-governance-is-not-ready-for-ai","https://iapp.org/news/a/eu-countries-vote-unanimously-to-approve-ai-act","EDITORIAL","REF_BIB","1","1","3/3","3/3","eliminated","943","8559","p","1"
"https://cigionline.org/articles/the-ai-acts-extended-timeline-is-perilous-for-journalism-and-democracy","https://techpolicy.press/the-ai-act-and-the-existential-risk-facing-journalism","EDITORIAL","EDIT_EXT","1","1","2/3","2/3","eliminated","943","8559","p","1"
"https://cigionline.org/articles/the-race-to-the-bottom-on-ai-safety-must-stop","https://theguardian.com/commentisfree/2023/jun/16/ai-new-laws-powerful-open-source-tools-meta","EDITORIAL","EDIT_EXT","1","1","2/3","2/3","retained","600","7442","p","1"
"https://cio.com/article/4022707/massive-criticism-of-eu-guidelines-on-the-use-of-ai.html","https://cio.com/article/4014951/apple-google-and-meta-agitate-against-eu-ai-act.html","EDITORIAL","EDIT_INT","1","1","3/3","3/3","retained","600","7442","p","0"
"https://ciodive.com/news/trump-federal-policy-preempting-state-ai-laws/807831","https://cfodive.com/news/trump-pledges-order-addressing-patchwork-state-ai-laws/807367","EDITORIAL","EDIT_EXT","1","1","3/3","3/3","retained","600","7442","p","1"
"https://circularo.com/blog/navigating-the-eu-ai-act-what-it-means-for-businesses-and-governments","https://eur-lex.europa.eu/eli/reg/2024/1689/oj/eng","EDITORIAL","EDIT_EXT","1","1","3/3","3/3","retained","600","7442","p","1"
"https://cirra.ai/articles/salesforce-ai-governance-compliance","https://salesforce.com/blog/guide-to-eu-ai-act","EDITORIAL","REF_BIB","1","1","2/3","3/3","retained","600","7442","p","1"
"https://citizen.org/article/public-citizen-urges-senate-to-regulate-deepfakes-and-reject-ai-deregulation","https://cooley.com/news/insight/2024/2024-10-16-californias-new-ai-laws-focus-on-training-data-content-transparency","EDITORIAL","EDIT_EXT","1","1","2/3","3/3","retained","600","7442","li","1"
"https://citizen.org/article/years-of-polling-show-overwhelming-voter-support-for-a-crackdown-on-ai","https://time.com/6996090/ai-china-american-voters-poll","EDITORIAL","EDIT_EXT","1","1","3/3","3/3","retained","600","7442","p","1"
"https://cjel.law.columbia.edu/preliminary-reference/2024/deepfake-deep-trouble-the-european-ai-act-and-the-fight-against-ai-generated-misinformation","https://iapp.org/news/a/will-the-eu-ai-act-work-lessons-learned-from-past-legislative-initiatives-future-challenges","EDITORIAL","EDIT_EXT","1","1","3/3","3/3","retained","600","7442","p","1"
"https://claire-ai.org/eu-ai-act","https://adalovelaceinstitute.org/policy-briefing/eu-ai-act-trilogues","EDITORIAL","EDIT_LIST","1","1","3/3","3/3","retained","600","7442","li","1"
"https://clearyfintechupdate.com/2024/02/nexus-of-ai-ai-regulation-and-dispute-resolution","https://bankofengland.co.uk/prudential-regulation/publication/2023/october/artificial-intelligence-and-machine-learning","EDITORIAL","REF_BIB","1","1","2/3","3/3","retained","600","7442","p","1"
"https://clearyiptechinsights.com/2025/02/eu-ai-act-provisions-on-ai-literacy-and-prohibited-ai-practices-become-effective-taking-stock-and-looking-ahead","https://clearyiptechinsights.com/category/ai-regulation","NAV","TAG","1","0","3/3","3/3","eliminated","943","8559","div","0"
"https://clearyiptechinsights.com/2025/02/eu-ai-act-provisions-on-ai-literacy-and-prohibited-ai-practices-become-effective-taking-stock-and-looking-ahead","https://eur-lex.europa.eu/eli/reg/2024/1689/oj/eng","EDITORIAL","EDIT_EXT","1","1","3/3","3/3","retained","600","7442","p","1"
"https://clearyiptechinsights.com/author/adunning","https://clearyiptechinsights.com/category/ai-regulation","NAV","TAG","1","0","3/3","3/3","eliminated","943","8559","div","0"
"https://clearyiptechinsights.com/category/ai-regulation","https://clearyiptechinsights.com/2025/10/italy-adopts-the-first-national-ai-law-in-europe-complementing-the-eu-ai-act","RECO","RECO","1","0","3/3","3/3","eliminated","943","8559","figure","0"
"https://cliffordchance.com/insights/thought_leadership/ai-and-tech/global-ai-regulation.html","https://cliffordchance.com/insights/thought_leadership/ai-and-tech/who-is-responsible-for-agentic-ai.html","NAV","NAV","1","0","3/3","3/3","eliminated","943","8559","li","0"
"https://clydeco.com/en/insights/2025/05/the-fine-print-of-ai-hype-the-legal-risks-of-ai-wa","https://digital-strategy.ec.europa.eu/en/library/commission-publishes-guidelines-ai-system-definition-facilitate-first-ai-acts-rules-application","EDITORIAL","EDIT_EXT","1","1","3/3","3/3","retained","600","7442","p","1"
"https://cmpf.eui.eu/risk-in-the-digital-services-act-and-ai-act","https://digital-strategy.ec.europa.eu/en/policies/regulatory-framework-ai","EDITORIAL","EDIT_EXT","1","1","2/3","3/3","eliminated","943","8559","p","1"
"https://cms.law/en/are/legal-updates/enforcement-of-the-eu-ai-act-the-eu-ai-office","https://cms.law/en/int/legal-updates/enforcement-of-the-eu-ai-act-the-eu-ai-office","NAV","NAV","0","0","3/3","3/3","eliminated","943","8559","div","0"
"https://cms.law/en/int/expert-guides/ai-regulation-scanner/slovakia","https://cms.law/en/int/publication/eu-ai-act-questions-and-answers","EDITORIAL","EDIT_LIST","1","1","2/3","3/3","retained","600","7442","li","0"
"https://cms.law/en/int/expert-guides/ai-regulation-scanner/slovenia","https://cms.law/en/int/publication/eu-ai-act-questions-and-answers","EDITORIAL","NOMAJ","1","1","1/3","3/3","eliminated","943","8559","li","0"
"https://cnbc.com/2025/01/06/artificial-intelligence-regulation-in-2025-musk-and-trump-eu-ai-act.html","https://cnbc.com/2024/08/01/eu-ai-act-goes-into-effect-heres-what-it-means-for-us-tech-firms.html","EDITORIAL","EDIT_INT","1","1","3/3","3/3","retained","600","7442","p","0"
"https://cnn.com/2025/11/13/tech/ai-safety-task-force-attorneys-general-openai-microsoft","https://cnn.com/2025/05/19/tech/house-spending-bill-ai-provision-organizations-raise-alarm","EDITORIAL","EDIT_INT","1","1","3/3","3/3","retained","600","7442","p","0"
"https://cnti.org/issue-primers/artificial-intelligence-in-journalism","https://artificialintelligenceact.eu/","EDITORIAL","EDIT_LIST","1","1","2/3","3/3","eliminated","943","8559","p","1"
"https://cnti.org/issue-primers/artificial-intelligence-in-journalism","https://axios.com/2023/01/30/ai-chatgpt-regulation-laws","EDITORIAL","EDIT_EXT","1","1","3/3","3/3","retained","600","7442","p","1"
"https://coloradosun.com/2024/10/22/task-force-talks-revisions-to-colorados-controversial-artificial-intelligence-law","https://coloradosun.com/2024/05/06/colorado-artificial-intelligence-genai-business-startups","RECO","RECO","1","0","3/3","3/3","eliminated","943","8559","h3","0"
"https://commondreams.org/news/ai-super-pac-midterms","https://wired.com/story/ai-super-pacs-trying-to-influence-midterms","RECO","RECO","1","0","3/3","3/3","eliminated","943","8559","li","1"
"https://commonwealmagazine.org/regulating-ai","https://csis.org/analysis/sen-chuck-schumer-launches-safe-innovation-ai-age-csis","EDITORIAL","EDIT_EXT","1","1","3/3","3/3","retained","600","7442","p","1"
"https://compliancepoint.com/privacy/new-executive-order-limits-state-ai-laws","https://lw.com/en/insights/texas-signs-responsible-ai-governance-act-into-law","EDITORIAL","EDIT_EXT","1","1","3/3","3/3","retained","600","7442","p","1"
"https://computerweekly.com/feature/EU-AI-Act-explained-What-AI-developers-need-to-know","https://forrester.com/blogs/welcome-to-the-dawn-of-a-new-ai-era-the-eu-parliament-adopts-the-ai-act","EDITORIAL","EDIT_EXT","1","1","3/3","3/3","retained","600","7442","p","1"
"https://conformitas.legal/knowledge-hub/eu-ai-act-and-marketing-what-every-european-business-needs-to-know-about-compliance","https://dlapiper.com/insights/publications/2025/08/latest-wave-of-obligations-under-the-eu-ai-act-take-effect","EDITORIAL","EDIT_EXT","1","1","3/3","3/3","retained","600","7442","p","1"
"https://congress.gov/crs-product/IF12426","https://nap.nationalacademies.org/resource/27644/interactive","EDITORIAL","EDIT_EXT","1","1","3/3","3/3","retained","600","7442","li","1"
"https://congress.gov/crs-product/R48555","https://cambridge.org/core/journals/cambridge-forum-on-ai-law-and-governance/article/navigating-chinas-regulatory-approach-to-generative-artificial-intelligence-and-large-language-models/969B2055997BF42DE693B7A1A1B4E8BA","EDITORIAL","REF_BIB","1","1","3/3","3/3","eliminated","943","8559","p","1"
"https://congress.gov/crs-product/R48555","https://digital-strategy.ec.europa.eu/en/policies/regulatory-framework-ai","EDITORIAL","REF_BIB","1","1","3/3","3/3","eliminated","943","8559","p","1"
"https://congress.gov/crs-product/R48555","https://rolandberger.com/en/Insights/Publications/European-AI-Act-Opportunities-and-challenges.html","EDITORIAL","REF_BIB","1","1","3/3","3/3","eliminated","943","8559","p","1"
"https://connectontech.bakermckenzie.com/baker-mckenzies-2026-top-issues-to-watch-for-global-data-and-cyber-legal-risks-geopolitical-uncertainty-and-the-rise-of-ai-continue-to-shape-the-risk-landscape","https://connectontech.bakermckenzie.com/european-commission-publishes-draft-guidance-on-the-classification-of-high-risk-ai-systems","NAV","NAV","1","0","2/3","3/3","eliminated","943","8559","li","0"
"https://connectontech.bakermckenzie.com/european-commission-publishes-draft-guidance-on-the-classification-of-high-risk-ai-systems","https://connectontech.bakermckenzie.com/political-agreement-reached-on-digital-omnibus-on-ai-amending-the-eu-ai-act-consistent-with-evolving-global-trends-on-ai-regulation","EDITORIAL","EDIT_INT","1","1","3/3","3/3","retained","600","7442","p","0"
"https://connectontech.bakermckenzie.com/ftc-cracks-down-on-deceptive-ai-practices","https://connectontech.bakermckenzie.com/european-commission-publishes-draft-guidance-on-the-classification-of-high-risk-ai-systems","RECO","RECO","1","0","2/3","3/3","eliminated","943","8559","li","0"
"https://connectontech.bakermckenzie.com/political-agreement-reached-on-digital-omnibus-on-ai-amending-the-eu-ai-act-consistent-with-evolving-global-trends-on-ai-regulation","https://connectontech.bakermckenzie.com/european-commission-publishes-draft-guidance-on-the-classification-of-high-risk-ai-systems","RECO","RECO","1","0","2/3","3/3","eliminated","943","8559","li","0"
"https://connectontech.bakermckenzie.com/us-copyright-office-calls-for-federal-law-on-deepfakes","https://connectontech.bakermckenzie.com/european-commission-publishes-draft-guidance-on-the-classification-of-high-risk-ai-systems","NAV","NAV","1","0","2/3","3/3","eliminated","943","8559","li","0"
"https://convergenceanalysis.org/ai-regulatory-landscape/structure-of-ai-regulations","https://artificialintelligenceact.eu/","EDITORIAL","EDIT_EXT","1","1","3/3","3/3","eliminated","943","8559","p","1"
"https://cooley.com/news/insight/2025/2025-12-12-showdown-new-executive-order-puts-federal-government-and-states-on-a-collision-course-over-ai-regulation","https://cooley.com/news/insight/2025/2025-11-24-eu-ai-act-proposed-digital-omnibus-on-ai-will-impact-businesses-ai-compliance-roadmaps","RECO","RECO","1","0","3/3","3/3","eliminated","943","8559","h3","0"
"https://corporatecomplianceinsights.com/8-questions-rightsize-responsible-ai-governance","https://corporatecomplianceinsights.com/landmark-eu-ai-act-need-know","RECO","RECO","1","0","3/3","3/3","eliminated","943","8559","div","0"
"https://corporatecomplianceinsights.com/how-to-keep-trade-secrets-secret-ai-transparency","https://corporatecomplianceinsights.com/landmark-eu-ai-act-need-know","EDITORIAL","EDIT_INT","1","1","3/3","3/3","retained","600","7442","p","0"
"https://corporateeurope.org/en/2023/11/byte-byte","https://crfm.stanford.edu/2023/06/15/eu-ai-act.html","EDITORIAL","EDIT_EXT","1","1","3/3","3/3","eliminated","943","8559","p","1"
"https://corporateeurope.org/en/2023/11/byte-byte","https://time.com/6288245/openai-eu-lobbying-ai-act","EDITORIAL","EDIT_EXT","1","1","3/3","3/3","eliminated","943","8559","p","1"
"https://corporateeurope.org/en/2025/01/bias-baked","https://corporateeurope.org/en/2023/02/lobbying-ghost-machine","EDITORIAL","EDIT_INT","1","1","3/3","3/3","eliminated","943","8559","p","0"
"https://corporateeurope.org/en/2025/01/bias-baked","https://policyreview.info/articles/analysis/regulating-ai-through-technical-standards","EDITORIAL","EDIT_EXT","1","1","3/3","3/3","eliminated","943","8559","p","1"
"https://corporateeurope.org/en/2025/04/coded-privileged-access","https://corporateeurope.org/en/2023/02/lobbying-ghost-machine","RECO","RECO","1","0","3/3","3/3","eliminated","943","8559","div","0"
"https://corporateeurope.org/en/2025/04/coded-privileged-access","https://politico.eu/article/meta-chief-lobby-eu-tech-artificial-intelligence-fines-marketplace-joel-kaplan","EDITORIAL","EDIT_EXT","1","1","3/3","3/3","eliminated","943","8559","p","1"
"https://councilonsustainabledevelopment.org/post/exploring-the-ethical-implications-of-ai-accountability","https://consilium.europa.eu/en/press/press-releases/2023/12/09/artificial-intelligence-act-council-and-parliament-strike-a-deal-on-the-first-worldwide-rules-for-ai","EDITORIAL","NOMAJ","1","1","1/3","3/3","eliminated","943","8559","span","1"
"https://creativecommons.org/2023/06/14/european-parliament-gives-green-light-to-ai-act-moving-eu-towards-finalizing-the-worlds-leading-regulation-of-ai","https://creativecommons.org/2024/03/14/eu-adopts-landmark-artificial-intelligence-act","RECO","RECO","1","0","2/3","3/3","eliminated","943","8559","h3","0"
"https://creativecommons.org/2023/07/26/supporting-open-source-and-open-science-in-the-eu-ai-act","https://creativecommons.org/2023/06/14/european-parliament-gives-green-light-to-ai-act-moving-eu-towards-finalizing-the-worlds-leading-regulation-of-ai","EDITORIAL","EDIT_INT","1","1","3/3","3/3","retained","600","7442","p","0"
"https://creativedock.com/blog/artificial-intelligence-as-a-servant-and-a-potential-threat-setting-boundaries","https://creativedock.com/blog/investing-in-artificial-intelligence-is-a-matter-of-our-sovereignty","EDITORIAL","EDIT_INT","1","1","2/3","2/3","retained","600","7442","p","0"
"https://credo.ai/blog/ai-standards-deep-dive-decoding-different-ai-standards-and-the-eus-approach","https://credo.ai/responsible-ai/nist-ai-rmf","NAV","NAV","0","0","3/3","2/3","eliminated","943","8559","div","0"
"https://credo.ai/blog/credo-ai-lens-tm-the-ultimate-open-source-framework-for-responsible-ai-assessments","https://credo.ai/ai-vendor-directory","NAV","NAV","0","0","3/3","3/3","eliminated","943","8559","div","0"
"https://credo.ai/blog/what-are-ai-standards-important-facts-enterprises-should-know","https://credo.ai/responsible-ai/nist-ai-rmf","NAV","NAV","0","0","3/3","2/3","retained","600","7442","div","0"
"https://credo.ai/blog/what-are-ai-standards-important-facts-enterprises-should-know","https://credo.ai/solutions/regulations-and-standards","NAV","NAV","0","0","3/3","2/3","eliminated","943","8559","div","0"
"https://credo.ai/blog/whyenterprisesareleadingwithcredoaiandnotonetrust","https://credo.ai/responsible-ai/nist-ai-rmf","NAV","NAV","0","0","3/3","2/3","eliminated","943","8559","div","0"
"https://credo.ai/glossary/accountability","https://credo.ai/responsible-ai/nist-ai-rmf","NAV","NAV","0","0","3/3","2/3","eliminated","943","8559","div","0"
"https://credo.ai/glossary/ai-law","https://credo.ai/responsible-ai/nist-ai-rmf","NAV","NAV","0","0","3/3","2/3","eliminated","943","8559","div","0"
"https://credo.ai/glossary/ai-law","https://credo.ai/solutions/regulations-and-standards","NAV","NAV","0","0","3/3","3/3","eliminated","943","8559","div","0"
"https://credo.ai/glossary/ai-risk","https://credo.ai/solutions/regulations-and-standards","NAV","NAV","0","0","3/3","2/3","eliminated","943","8559","div","0"
"https://credo.ai/glossary/brand-risk","https://credo.ai/ai-vendor-directory","NAV","NAV","0","0","3/3","3/3","eliminated","943","8559","div","0"
"https://credo.ai/glossary/brand-risk","https://credo.ai/responsible-ai/nist-ai-rmf","NAV","NAV","0","0","3/3","2/3","eliminated","943","8559","div","0"
"https://credo.ai/glossary/brand-risk","https://credo.ai/solutions/regulations-and-standards","NAV","NAV","0","0","3/3","3/3","eliminated","943","8559","div","0"
"https://credo.ai/glossary/impact-assessment","https://credo.ai/solutions/regulations-and-standards","NAV","NAV","0","0","3/3","3/3","eliminated","943","8559","div","0"
"https://credo.ai/glossary/transformative-ai-tai","https://credo.ai/responsible-ai/nist-ai-rmf","NAV","NAV","0","0","3/3","3/3","eliminated","943","8559","div","0"
"https://credo.ai/news/introducing-genai-guardrails-your-control-center-for-safe-responsible-adoption-of-generative-ai","https://credo.ai/customers","NAV","NAV","0","0","3/3","3/3","eliminated","943","8559","div","0"
"https://credo.ai/news/tools-for-transparency-what-makes-a-trustworthy-ai-system-mozfest-2023","https://credo.ai/blog/credo-ai-lens-tm-the-ultimate-open-source-framework-for-responsible-ai-assessments","EDITORIAL","EDIT_INT","0","0","3/3","2/3","retained","600","7442","p","0"
"https://crowell.com/en/insights/client-alerts/artificial-intelligence-and-human-resources-in-the-eu-a-2026-legal-overview","https://crowell.com/en/insights/client-alerts/eu-ai-act-gdpr-and-digital-laws-changes-proposed","OTHER","X_OTHER","1","0","2/3","3/3","eliminated","943","8559","h3","0"
"https://cset.georgetown.edu/newsletter/february-20-2025","https://nbcnews.com/tech/innovation/trump-china-deepseek-ai-wake-call-rcna189526","EDITORIAL","EDIT_EXT","1","1","3/3","3/3","retained","600","7442","span","1"
"https://csis.org/analysis/managing-existential-risk-ai-without-undercutting-innovation","https://csis.org/analysis/sen-chuck-schumer-launches-safe-innovation-ai-age-csis","EDITORIAL","EDIT_INT","1","1","3/3","3/3","retained","600","7442","p","0"
"https://csis.org/analysis/transatlantic-cooperation-semiconductors-and-ai-2024","https://consilium.europa.eu/en/press/press-releases/2023/12/09/artificial-intelligence-act-council-and-parliament-strike-a-deal-on-the-first-worldwide-rules-for-ai","EDITORIAL","EDIT_EXT","1","1","3/3","3/3","retained","600","7442","p","1"
"https://csl-group.com/white-papers/eu-ai-act-implications-iot-applications-sectors","https://cambridge.org/core/journals/european-journal-of-risk-regulation/article/ai-act-roller-coaster-the-evolution-of-fundamental-rights-protection-in-the-legislative-process-and-the-future-of-the-regulation/5B512DDF859B55D549A7F5D21792AD73","EDITORIAL","EDIT_EXT","1","1","3/3","3/3","retained","600","7442","li","1"
"https://csl-group.com/white-papers/eu-ai-act-implications-iot-applications-sectors","https://digital-strategy.ec.europa.eu/en/policies/regulatory-framework-ai","EDITORIAL","EDIT_EXT","1","1","3/3","3/3","retained","600","7442","p","1"
"https://cyberlawmonitor.com/2023/09/21/artificial-intelligence-systems-profiling-and-the-new-u-s-state-privacy-laws","https://cyberlawmonitor.com/2024/10/01/understanding-the-colorado-ai-act","RECO","RECO","1","0","2/3","2/3","eliminated","943","8559","li","0"
"https://cyberlawmonitor.com/2023/10/05/biden-administrations-voluntary-ai-safety-agreement","https://cyberlawmonitor.com/2023/09/21/artificial-intelligence-systems-profiling-and-the-new-u-s-state-privacy-laws","NAV","NAV","0","0","3/3","3/3","eliminated","943","8559","div","0"
"https://cyberlawmonitor.com/2023/10/05/biden-administrations-voluntary-ai-safety-agreement","https://cyberlawmonitor.com/2024/10/01/understanding-the-colorado-ai-act","NAV","NAV","1","0","2/3","2/3","eliminated","943","8559","li","0"
"https://cyberlawmonitor.com/2023/10/05/biden-administrations-voluntary-ai-safety-agreement","https://cyberlawmonitor.com/2024/10/16/the-eu-ai-act-part-four-low-risk-ai-systems-and-enforcement","RECO","RECO","0","0","2/3","2/3","eliminated","943","8559","li","0"
"https://cyberlawmonitor.com/2023/10/05/biden-administrations-voluntary-ai-safety-agreement","https://cyberlawmonitor.com/tag/ai","NAV","TAG","1","0","3/3","3/3","eliminated","943","8559","div","0"
"https://cyberlawmonitor.com/2024/07/11/the-eu-ai-act-part-two-high-risk-ai-systems","https://cyberlawmonitor.com/tag/ai","NAV","TAG","1","0","3/3","3/3","eliminated","943","8559","div","0"
"https://cyberlawmonitor.com/tag/ai","https://cyberlawmonitor.com/2024/10/01/understanding-the-colorado-ai-act","NAV","NAV","1","0","2/3","2/3","eliminated","943","8559","li","0"
"https://cyprus.representation.ec.europa.eu/news/commission-welcomes-political-agreement-artificial-intelligence-act-2023-12-09_en","https://ec.europa.eu/commission/presscorner/detail/en/ip_23_5379","EDITORIAL","EDIT_EXT","1","1","3/3","3/3","retained","600","7442","p","1"
"https://dai.ki/blog/the-daiki-eu-ai-act-compliance-solution-navigating-mandatory-ai-governance-for-global-enterprises","https://aimagazine.com/articles/eu-ai-act-bans-ai-with-unacceptable-risks","EDITORIAL","EDIT_EXT","1","1","3/3","3/3","retained","600","7442","li","1"
"https://dastra.eu/en/blog/simpler-safer-stricter-where-it-counts-inside-the-eu-ai-omnibus-deal/60025","https://europarl.europa.eu/news/en/press-room/20260427IPR42011/ai-act-deal-on-simplification-measures-ban-on-nudifier-apps","EDITORIAL","EDIT_EXT","1","1","3/3","3/3","eliminated","943","8559","em","1"
"https://data-en-maatschappij.ai/en/publications/blog-defining-ai-in-the-ai-act","https://law.kuleuven.be/citip/blog/defining-ai-in-the-ai-act-pin-the-tail-on-the-system","EDITORIAL","EDIT_EXT","0","0","3/3","2/3","eliminated","943","8559","p","1"
"https://data-en-maatschappij.ai/en/publications/report-from-policy-to-practice-prototyping-the-eu-ai-acts-transparency-requirements","https://data-en-maatschappij.ai/en/publications/rapport-van-beleid-naar-praktijk-prototypes-van-de-menselijk-toezicht-vereiste-in-de-eu-ai-verordening","RECO","RECO","1","0","3/3","3/3","eliminated","943","8559","article","0"
"https://databricks.com/blog/ai-regulation-rolling-out-and-data-intelligence-platform-here-help","https://ec.europa.eu/commission/presscorner/detail/en/ip_23_5379","EDITORIAL","EDIT_EXT","1","1","3/3","3/3","retained","600","7442","p","1"
"https://datacompliantblog.com/2024/08/12/eu-ai-act-2024-key-obligations-for-providers-and-deployers","https://datacompliantblog.com/tag/eu-ai-act","NAV","TAG","1","0","3/3","3/3","eliminated","943","8559","footer","0"
"https://datacrossroads.nl/2024/12/09/ai-regulations-globally-same-goal-different-paths","https://whitecase.com/insight-our-thinking/ai-watch-global-regulatory-tracker-saudi-arabia","EDITORIAL","EDIT_EXT","1","1","3/3","3/3","retained","600","7442","p","1"
"https://datacrossroads.nl/2025/10/25/making-sense-of-ai-regulations-and-frameworks-part-1","https://whitecase.com/insight-our-thinking/ai-watch-global-regulatory-tracker","EDITORIAL","EDIT_EXT","1","1","3/3","3/3","retained","600","7442","strong","1"
"https://datacrossroads.nl/2025/11/06/making-sense-of-ai-regulations-and-frameworks-understanding-risk-based-ai-regulations","https://whitecase.com/insight-our-thinking/ai-watch-global-regulatory-tracker-african-union","EDITORIAL","EDIT_EXT","1","1","3/3","3/3","retained","600","7442","p","1"
"https://datainnovation.org/2026/01/how-brussels-effect-hinders-innovation-in-global-south","https://datainnovation.org/2026/01/eu-digital-rules-act-as-regulatory-imperialism-in-global-south-new-report-concludes","RECO","RECO","0","0","2/3","3/3","eliminated","943","8559","div","0"
"https://datenschutz-notizen.de/ai-regulation-in-the-us-a-question-of-federal-preemption-or-state-autonomy-4254294","https://whitecase.com/insight-our-thinking/ai-watch-global-regulatory-tracker-united-states","EDITORIAL","EDIT_EXT","1","1","3/3","3/3","retained","600","7442","p","1"
"https://debevoisedatablog.com/2025/03/24/south-korea-enacts-new-ai-law","https://debevoisedatablog.com/2026/05/08/eu-ai-act-omnibus-agreed-more-time-limited-substantive-change","RECO","RECO","1","0","3/3","3/3","eliminated","943","8559","article","0"
"https://debevoisedatablog.com/2026/05/22/eu-ai-act-high-risk-ai-systems-eu-commission-publishes-draft-guidance","https://debevoisedatablog.com/2026/05/08/eu-ai-act-omnibus-agreed-more-time-limited-substantive-change","EDITORIAL","EDIT_INT","1","1","3/3","2/3","retained","600","7442","p","0"
"https://deloitte.com/cz-sk/en/services/legal/research/ce-navigating-eu-ai-act-unacceptable-ai-practices-compliance-strategies.html","https://deloitte.com/cz-sk/en/services/consulting/services/cyber-risk/eu-ai-act.html","ADS","ADS","0","0","3/3","2/3","eliminated","943","8559","div","0"
"https://deloitte.com/de/de/issues/innovation-ai/ai-governance.html","https://deloitte.com/de/de/issues/innovation-ai/trustworthy-ai-imperative.html","ADS","ADS","1","0","3/3","3/3","eliminated","943","8559","div","0"
"https://deloitte.com/lu/en/Industries/technology/perspectives/guidelines-prohibited-ai-practices.html","https://deloitte.com/lu/en/featured-topics/generative-ai/featured-topics.html","ADS","ADS","1","0","3/3","3/3","eliminated","943","8559","div","0"
"https://deloitte.com/nl/en/services/consulting-risk/perspectives/unveiling-risks-associated-with-ai-driven-services.html","https://deloitte.com/nl/en/services/consulting-risk/analysis/eu-ai-act.html","ADS","ADS","1","0","2/3","3/3","eliminated","943","8559","div","0"
"https://deloitte.com/nl/en/services/legal/perspectives/political-agreement-on-the-eu-ai-act.html","https://deloitte.com/uk/en/services/legal/blogs/the-eu-ai-act-the-finish-line-is-in-sight.html","RECO","RECO","1","0","2/3","3/3","eliminated","943","8559","div","0"
"https://delorscentre.eu/en/publications/detail/publication/the-eus-digital-and-ai-omnibus","https://europarl.europa.eu/news/en/press-room/20260323IPR38829/artificial-intelligence-act-delayed-application-ban-on-nudifier-apps","EDITORIAL","EDIT_EXT","1","1","3/3","3/3","retained","600","7442","p","1"
"https://deminor.com/en/news-insights/ai-horizon-scanning-what-legal-needs-to-know","https://deminor.com/en/news-insights/ai-in-litigation-funding-in-the-context-of-the-eu-ai-act","RECO","RECO","1","0","3/3","3/3","eliminated","943","8559","article","0"
"https://deseret.com/opinion/2026/02/25/utah-voters-want-safe-ai-hb286-white-house-big-tech","https://deseret.com/politics/2026/02/17/utah-legislature-responds-to-trump-administration-letter-targeting-state-regulations-for-artificial-intelligence","EDITORIAL","EDIT_INT","1","1","3/3","3/3","retained","600","7442","p","0"
"https://digi-con.org/enforcing-the-eu-digital-acquis","https://techpolicy.press/the-enforcement-dilemmas-in-europes-digital-rulebook","EDITORIAL","EDIT_EXT","1","1","3/3","3/3","retained","600","7442","p","1"
"https://digi-con.org/navigating-ai-regulation-a-comparative-analysis-of-eu-and-indian-perspectives","https://digi-con.org/dancing-with-the-puppets-strings-tech-regulation-between-extraterritoriality-and-jurisdictional-constraints-a-public-international-law-perspective","RECO","RECO","0","0","2/3","3/3","eliminated","943","8559","div","0"
"https://digi-con.org/navigating-ai-regulation-a-comparative-analysis-of-eu-and-indian-perspectives","https://digi-con.org/two-futures-of-ai-regulation-under-the-trump-administration","RECO","RECO","1","0","3/3","3/3","eliminated","943","8559","div","0"
"https://digital-markets-act.ec.europa.eu/g7-competition-summit-effective-international-cooperation-contributing-fair-open-and-contestable-ai-2024-10-04_en","https://digital-strategy.ec.europa.eu/en/policies/regulatory-framework-ai","EDITORIAL","EDIT_EXT","1","1","3/3","3/3","eliminated","943","8559","li","1"
"https://digital-skills-jobs.europa.eu/en/latest/insights/artificial-intelligence-high-stakes-game-what-cost-deep-dive","https://ec.europa.eu/commission/presscorner/detail/en/IP_24_4123","EDITORIAL","EDIT_EXT","1","1","3/3","3/3","eliminated","943","8559","p","1"
"https://digital-skills-jobs.europa.eu/en/latest/news/milestone-ai-regulation-eu-secures-worlds-first-ai-act","https://digital-skills-jobs.europa.eu/en/latest/news/eu-commission-unveils-draft-guidelines-prohibited-ai-practices-under-ai-act","RECO","RECO","1","0","3/3","3/3","eliminated","943","8559","div","0"
"https://digital-strategy.ec.europa.eu/en/news/commission-launches-ai-innovation-package-support-artificial-intelligence-startups-and-smes","https://ec.europa.eu/commission/presscorner/detail/en/ip_24_383","EDITORIAL","EDIT_EXT","1","1","2/3","3/3","eliminated","943","8559","li","1"
"https://digital.nemko.com/insights/cra-and-eu-ai-act-what-c-suite-must-know-now","https://digital.nemko.com/regulations/ethics-and-guidelines-for-trustworthy-ai","NAV","NAV","0","0","3/3","3/3","eliminated","943","8559","li","0"
"https://digital.nemko.com/insights/eu-ai-act-rules-on-gpai-2025-update","https://digital.nemko.com/regulations/ethics-and-guidelines-for-trustworthy-ai","NAV","NAV","0","0","3/3","3/3","eliminated","943","8559","li","0"
"https://digital.nemko.com/insights/responsible-ai-framework-in-business","https://digital.nemko.com/regulations/ethics-and-guidelines-for-trustworthy-ai","NAV","NAV","0","0","3/3","3/3","eliminated","943","8559","li","0"
"https://digital.nemko.com/news/eu-ai-act-delay-announced","https://digital.nemko.com/regulations/ethics-and-guidelines-for-trustworthy-ai","NAV","NAV","0","0","3/3","3/3","eliminated","943","8559","li","0"
"https://digital.nemko.com/news/google-signs-eu-ai-code","https://digital.nemko.com/regulations/eu-ai-act","NAV","NAV","0","0","3/3","2/3","retained","600","7442","li","0"
"https://digital.nemko.com/news/meta-ray-ban-eu-launch-blocked-by-battery-and-ai-rules","https://digital.nemko.com/insights/eu-regulations-shaping-ai-embedded-products","EDITORIAL","EDIT_INT","1","1","2/3","3/3","retained","600","7442","span","0"
"https://digital.nemko.com/news/meta-ray-ban-eu-launch-blocked-by-battery-and-ai-rules","https://digital.nemko.com/regulations/uae-ai-regulations","NAV","NAV","0","0","3/3","3/3","eliminated","943","8559","li","0"
"https://digital.nemko.com/news/meta-refuses-gpai-code","https://digital.nemko.com/news/openai-anthropic-signs-eu-ai-code","EDITORIAL","EDIT_INT","1","1","3/3","3/3","retained","600","7442","span","0"
"https://digital.nemko.com/news/us-ai-regulation-landscape-2025","https://digital.nemko.com/regulations/uae-ai-regulations","NAV","NAV","0","0","3/3","3/3","eliminated","943","8559","li","0"
"https://digital.nemko.com/regulations/ai-regulation-in-nigeria","https://digital.nemko.com/insights/responsible-ai-framework-in-business","EDITORIAL","EDIT_INT","1","1","3/3","3/3","retained","600","7442","p","0"
"https://digital.nemko.com/regulations/ai-regulation-in-south-africa","https://digital.nemko.com/regulations/eu-ai-act","NAV","NAV","0","0","3/3","3/3","eliminated","943","8559","li","0"
"https://digital.nemko.com/regulations/ai-regulation-in-turkey","https://digital.nemko.com/regulations/eu-ai-regulations","EDITORIAL","EDIT_INT","1","1","3/3","3/3","retained","600","7442","p","0"
"https://digital.nemko.com/regulations/ai-regulation-in-ukraine","https://digital.nemko.com/regulations/eu-ai-regulations","EDITORIAL","EDIT_INT","1","1","3/3","3/3","retained","600","7442","p","0"
"https://digitalbodies.net/ai-in-higher-education-and-government-8-lessons-from-2025","https://artificialintelligenceact.eu/","EDITORIAL","EDIT_EXT","1","1","3/3","3/3","retained","600","7442","p","1"
"https://digitalhubdenmark.dk/post/decoding-1","https://ec.europa.eu/commission/presscorner/detail/en/ip_24_383","EDITORIAL","EDIT_EXT","1","1","3/3","3/3","retained","600","7442","p","1"
"https://digitalsme.eu/events/compliance-playbook-for-smes-under-the-eu-artificial-intelligence-act","https://digitalsme.eu/artificial-intelligence","NAV","NAV","0","0","3/3","3/3","eliminated","943","8559","li","0"
"https://diligent.com/resources/blog/colorado-ai-act","https://whitecase.com/insight-alert/newly-passed-colorado-ai-act-will-impose-obligations-developers-and-deployers-high","EDITORIAL","EDIT_EXT","1","1","3/3","3/3","retained","600","7442","p","1"
"https://diligent.com/resources/blog/regulations-ai-public-boards","https://ed.gov/about/news/press-release/us-department-of-education-issues-guidance-artificial-intelligence-use-schools-proposes-additional-supplemental-priority","EDITORIAL","EDIT_EXT","1","1","3/3","3/3","retained","600","7442","p","1"
"https://disarmament.unoda.org/en/our-work/emerging-challenges/lethal-autonomous-weapon-systems","https://disarmament.unoda.org/en/responsible-innovation-ai/about","NAV","NAV","0","0","3/3","3/3","eliminated","943","8559","div","0"
"https://dl-academy.com/blog/eu-ai-act-why-enterprise-must-invest-in-ai-literacy-training","https://artificialintelligenceact.eu/","EDITORIAL","EDIT_EXT","1","1","3/3","3/3","eliminated","943","8559","p","1"
"https://dl.acm.org/doi/10.1145/3593013.3594092","https://dl.acm.org/doi/fullHtml/10.1145/3593013.3594092","ADS","ADS","0","0","2/3","3/3","eliminated","943","8559","section","0"
"https://dl.acm.org/doi/abs/10.1007/978-3-031-49011-8_13","https://dl.acm.org/doi/10.1145/3696010","RECO","RECO","1","0","3/3","3/3","eliminated","943","8559","div","0"
"https://dl.acm.org/doi/abs/10.1007/978-3-031-49011-8_13","https://dl.acm.org/doi/10.1145/3772318.3790535","RECO","RECO","1","0","3/3","3/3","eliminated","943","8559","div","0"
"https://dl.acm.org/doi/abs/10.1145/3593013.3594079","https://dl.acm.org/doi/fullHtml/10.1145/3593013.3594079","OTHER","META_REFTOOL","0","0","2/3","3/3","eliminated","943","8559","section","0"
"https://dl.acm.org/doi/abs/10.1145/3643691.3648589","https://dl.acm.org/doi/10.1145/3772318.3790535","RECO","RECO","1","0","3/3","3/3","eliminated","943","8559","div","0"
"https://dl.acm.org/doi/abs/10.1145/3706599.3706747","https://dl.acm.org/doi/10.1145/3772318.3791424","EDITORIAL","REF_BIB","1","1","3/3","3/3","eliminated","943","8559","div","0"
"https://dl.acm.org/doi/abs/10.1145/3715275.3732020","https://dl.acm.org/doi/10.1145/3696010","RECO","RECO","1","0","3/3","3/3","eliminated","943","8559","div","0"
"https://dlapiper.com/insights/publications/2026/03/white-house-releases-the-national-policy-framework-for-ai-key-points","https://dlapiper.com/en-us/insights/publications/2026/03/white-house-releases-the-national-policy-framework-for-ai-key-points","NAV","NAV","0","0","3/3","3/3","eliminated","943","8559","span","0"
"https://dnv.com/cyber/insights/articles/introduction-to-the-eus-ai-act-what-you-should-know","https://dnv.com/cyber/insights/articles/why-ai-literacy-matters-now","EDITORIAL","EDIT_INT","1","1","3/3","3/3","retained","600","7442","p","0"
"https://dnv.com/cyber/insights/articles/why-ai-literacy-matters-now","https://dnv.com/cyber/insights/articles/Inside_the_eu_ai_act_key_insights_for_ai_stakeholders","RECO","RECO","1","0","3/3","3/3","eliminated","943","8559","h3","0"
"https://dpnetwork.org.uk/ai-risk-governance-regulation","https://digital-strategy.ec.europa.eu/en/library/commission-publishes-guidelines-ai-system-definition-facilitate-first-ai-acts-rules-application","EDITORIAL","EDIT_EXT","1","1","3/3","3/3","retained","600","7442","p","1"
"https://dpocentre.com/blog/ai-and-gdpr-compliance","https://dpocentre.com/blog/practical-guide-to-updating-privacy-notices-for-ai","RECO","RECO","1","0","3/3","3/3","eliminated","943","8559","div","0"
"https://dpocentre.com/blog/compliance-with-the-ai-act-what-is-high-risk-activity","https://dpocentre.com/blog/compliance-with-the-ai-act-what-you-need-to-know","NAV","NAV","0","0","3/3","3/3","eliminated","943","8559","div","0"
"https://dpocentre.com/blog/data-protection-ai-governance-2025-2026","https://dpocentre.com/blog/practical-guide-to-updating-privacy-notices-for-ai","RECO","RECO","0","0","3/3","2/3","eliminated","943","8559","div","0"
"https://dqsglobal.com/en/explore/focus-area/ai-assurance","https://dqsglobal.com/en/about/newsroom/dqs-pioneers-iso-42001-certification","EDITORIAL","EDIT_INT","1","1","3/3","2/3","eliminated","943","8559","p","0"
"https://dwt.com/blogs/artificial-intelligence-law-advisor/2026/01/ny-state-consumer-facing-ai-regulation","https://dwt.com/blogs/artificial-intelligence-law-advisor/2025/12/trump-ai-executive-order-legal-analysis","EDITORIAL","EDIT_INT","1","1","3/3","3/3","retained","600","7442","p","0"
"https://ebbot.com/resources/blogs/how-the-eu-ai-act-will-shape-the-future-of-service-automation","https://europarl.europa.eu/topics/en/article/20230601STO93804/eu-ai-act-first-regulation-on-artificial-intelligence","OTHER","X_OTHER","1","0","2/3","3/3","retained","600","7442","h3","1"
"https://ecnl.org/news/ai-public-participation-hope-or-hype","https://ecnl.org/news/towards-ai-act-serves-people-and-society","EDITORIAL","EDIT_INT","1","1","3/3","3/3","retained","600","7442","p","0"
"https://ecnl.org/news/hungarys-new-biometric-surveillance-laws-violate-ai-act","https://ecnl.org/news/packed-loopholes-why-ai-act-fails-protect-civic-space-and-rule-law","RECO","RECO","1","0","3/3","3/3","eliminated","943","8559","h2","0"
"https://ecnl.org/news/open-letter-against-attempts-delay-or-reopen-ai-act","https://ecnl.org/news/eu-ai-office-must-prioritise-setting-advisory-forum","RECO","RECO","1","0","3/3","3/3","eliminated","943","8559","h2","0"
"https://econreview.studentorg.berkeley.edu/navigating-the-new-frontier-a-global-roadmap-for-regulating-artificial-intelligence","https://technologyreview.com/2023/05/22/1073482/our-quick-guide-to-the-6-ways-we-can-regulate-ai","EDITORIAL","EDIT_EXT","1","1","3/3","3/3","retained","600","7442","span","1"
"https://edf-feph.org/ai-act-european-parliament-must-ensure-accessibility-of-artificial-intelligence-systems","https://edf-feph.org/publications/resolution-on-the-eu-artificial-intelligence-act-for-the-inclusion-of-persons-with-disabilities","EDITORIAL","EDIT_INT","1","1","3/3","3/3","retained","600","7442","p","0"
"https://edps.europa.eu/data-protection/our-work/publications/techdispatch/2025-09-23-techdispatch-22025-human-oversight-automated-making","https://edps.europa.eu/data-protection/our-work/subjects/digital-clearinghouse-20_en","NAV","NAV","0","0","3/3","3/3","eliminated","943","8559","li","0"
"https://edps.europa.eu/node/7140_en","https://edps.europa.eu/data-protection/our-work/subjects/digital-clearinghouse-20_en","NAV","NAV","0","0","3/3","3/3","eliminated","943","8559","li","0"
"https://edps.europa.eu/press-publications/press-news/press-releases/2023/edps-final-recommendations-ai-act","https://edps.europa.eu/node/7140_en","EDITORIAL","EDIT_INT","1","1","3/3","3/3","eliminated","943","8559","b","0"
"https://edps.europa.eu/press-publications/press-news/videos/cpdp-dpd-2025-forging-future-reinventing-data-protection_en","https://edps.europa.eu/data-protection/our-work/subjects/artificial-intelligence_en","NAV","NAV","0","0","3/3","3/3","eliminated","943","8559","li","0"
"https://edtecheurope.org/news/eu-ai-act","https://europarl.europa.eu/news/en/press-room/20240308IPR19015/artificial-intelligence-act-meps-adopt-landmark-law","EDITORIAL","EDIT_EXT","1","1","2/3","3/3","eliminated","943","8559","p","1"
"https://eeas.europa.eu/delegations/council-europe/new-european-union-council-europe-joint-project-artificial-intelligence-and-discrimination_en","https://digital-strategy.ec.europa.eu/en/policies/regulatory-framework-ai","EDITORIAL","EDIT_EXT","1","1","3/3","3/3","retained","600","7442","p","1"
"https://effectiveinstitutionsproject.substack.com/p/ai-governance-an-eip-primer","https://europarl.europa.eu/news/en/press-room/20240308IPR19015/artificial-intelligence-act-meps-adopt-landmark-law","EDITORIAL","EDIT_EXT","1","1","3/3","3/3","retained","600","7442","p","1"
"https://eightfold.ai/blog/contributor/rwang","https://eightfold.ai/blog/future-work-ai-policy-summit","RECO","RECO","1","0","3/3","2/3","eliminated","943","8559","div","0"
"https://eightfold.ai/blog/eightfolds-perspective-ai-regulation-and-compliance","https://eightfold.ai/blog/contributor/rwang","OTHER","META_BYLINE","0","0","3/3","3/3","eliminated","943","8559","div","0"
"https://eipa.eu/areas-of-expertise/artificial-intelligence","https://eipa.eu/blog/are-data-protection-authorities-the-new-ai-market-surveillance-authorities","RECO","RECO","1","0","3/3","3/3","eliminated","943","8559","div","0"
"https://eipa.eu/blog/ai-literacy-for-public-administration","https://eipa.eu/areas-of-expertise/artificial-intelligence","NAV","NAV","0","0","3/3","3/3","eliminated","943","8559","li","0"
"https://eipa.eu/blog/understanding-general-purpose-ai","https://digital-strategy.ec.europa.eu/en/library/commission-publishes-guidelines-ai-system-definition-facilitate-first-ai-acts-rules-application","EDITORIAL","EDIT_EXT","1","1","3/3","3/3","retained","600","7442","p","1"
"https://elgaronline.com/edcollchap/book/9781803922171/book-part-9781803922171-25.xml?tab_body=abstract-copy1","https://elgaronline.com/edcollchap-oa/book/9781803922171/book-part-9781803922171-28.xml","NAV","TOC","0","0","3/3","2/3","eliminated","943","8559","div","0"
"https://elgaronline.com/edcollchap/book/9781839101939/book-part-9781839101939-19.xml","https://elgaronline.com/edcollchap/book/9781839101939/book-part-9781839101939-38.xml","NAV","TOC","0","0","3/3","2/3","eliminated","943","8559","div","0"
"https://ellenmccarty.com/mindfulness","https://ellenmccarty.com/lessons","NAV","NAV","0","0","3/3","3/3","eliminated","943","8559","div","0"
"https://emildai.eu/the-eu-ai-act-and-its-adherence-to-the-european-convention-on-human-rights","https://compact.nl/articles/understanding-intersection-between-eus-ai-act-and-privacy-compliance","EDITORIAL","EDIT_EXT","1","1","3/3","3/3","retained","600","7442","span","1"
"https://emildai.eu/the-eu-ai-act-and-its-adherence-to-the-european-convention-on-human-rights","https://digital-strategy.ec.europa.eu/en/policies/regulatory-framework-ai","EDITORIAL","EDIT_EXT","1","1","3/3","3/3","retained","600","7442","span","1"
"https://emlaw.com/generative-artifical-intelligence","https://brookings.edu/articles/the-eu-and-us-diverge-on-ai-regulation-a-transatlantic-comparison-and-steps-to-alignment","EDITORIAL","REF_BIB","1","1","2/3","3/3","retained","600","7442","p","1"
"https://en.wikipedia.org/wiki/Safe_and_Secure_Innovation_for_Frontier_Artificial_Intelligence_Models_Act","https://en.wikipedia.org/wiki/Artificial_Intelligence_Act","EDITORIAL","EDIT_INT","1","1","3/3","3/3","retained","600","7442","p","0"
"https://en.wikipedia.org/wiki/TAKE_IT_DOWN_Act","https://nbcnews.com/tech/security/first-person-convicted-law-criminalizing-intimate-deepfakes-rcna267236","EDITORIAL","REF_BIB","1","1","3/3","3/3","retained","600","7442","span","1"
"https://ennhri.org/news-and-blog/artificial-intelligence-and-its-impact-on-the-human-rights-of-persons-with-disabilities","https://ennhri.org/news-and-blog/fundamental-rights-protection-must-inform-the-classification-of-high-risk-systems-under-eu-ai-act","RECO","RECO","1","0","3/3","3/3","eliminated","943","8559","li","0"
"https://ennhri.org/news-and-blog/how-the-council-of-europes-artificial-intelligence-convention-can-safeguard-human-rights","https://ennhri.org/news-and-blog/fundamental-rights-protection-must-inform-the-classification-of-high-risk-systems-under-eu-ai-act","RECO","RECO","1","0","3/3","3/3","eliminated","943","8559","li","0"
"https://ennhri.org/news-and-blog/how-the-eu-artificial-intelligence-act-can-protect-fundamental-rights-in-the-ai-age","https://ennhri.org/news-and-blog/draft-convention-on-ai-human-rights-democracy-and-rule-of-law-finalised-ennhri-raises-concerns","RECO","RECO","1","0","3/3","3/3","eliminated","943","8559","li","0"
"https://epi.org/publication/how-banning-state-regulation-of-ai-harms-workers","https://techpolicy.press/expert-perspectives-on-10-year-moratorium-on-enforcement-of-us-state-ai-laws","EDITORIAL","EDIT_EXT","1","1","3/3","3/3","retained","600","7442","p","1"
"https://epic.org/its-time-for-courts-to-tackle-ai-harms-with-product-liability","https://artificialintelligenceact.eu/","EDITORIAL","EDIT_EXT","1","1","3/3","3/3","retained","600","7442","p","1"
"https://eqs.com/compliance-blog/ai-act-regulation-overview","https://eqs.com/compliance-wpapers/eu-ai-act-mini-guide","RECO","RECO","0","0","2/3","2/3","eliminated","943","8559","div","0"
"https://eqs.com/compliance-blog/ai-act-regulation-overview","https://eqs.com/platform-data-privacy/ai-compliance","NAV","NAV","0","0","3/3","3/3","retained","600","7442","div","0"
"https://era.ideasoneurope.eu/2026/01/02/revisiting-what-problems-the-eu-ai-act-is-actually-solving","https://commission.europa.eu/news-and-media/news/ai-act-enters-force-2024-08-01_en","EDITORIAL","EDIT_EXT","1","1","3/3","3/3","retained","600","7442","p","1"
"https://erdemirozmen.com/agenda-in-law/articles/a-review-of-the-europian-union-artificial-intelligence-act","https://erdemirozmen.com/agenda-in-law/articles/using-artificial-intelligence-in-the-workplace-what-are-the-main-risks-for-ethics","RECO","RECO","1","0","3/3","2/3","eliminated","943","8559","div","0"
"https://essendgroup.com/post/generative-ai-and-eu-ai-act-compliance-strategies-for-llms-and-foundation-models","https://essendgroup.com/post/training-your-team-for-eu-ai-act-documentation-that-actually-works","NAV","NAV","0","0","3/3","3/3","eliminated","943","8559","div","0"
"https://essendgroup.com/post/the-eu-ai-act-navigating-europe-s-pioneering-framework-for-artificial-intelligence-regulation","https://essendgroup.com/post/training-your-team-for-eu-ai-act-documentation-that-actually-works","NAV","NAV","0","0","3/3","3/3","eliminated","943","8559","div","0"
"https://essex.ac.uk/research-projects/ai-policy-observatory-for-the-world-of-work/national-and-regional-cases/brazil","https://essex.ac.uk/research-projects/ai-policy-observatory-for-the-world-of-work/project-overview","NAV","NAV","0","0","3/3","3/3","eliminated","943","8559","li","0"
"https://ethyca.com/guides/ai-data-becomes-legal-liability-impact-of-the-eu-ai-act","https://news.bloomberglaw.com/ip-law/european-ai-act-training-disclosures-expose-us-copyright-risks","EDITORIAL","EDIT_EXT","1","1","3/3","3/3","eliminated","943","8559","li","1"
"https://euaiact.com/article/10","https://euaiact.com/article/90","NAV","NAV","0","0","3/3","2/3","eliminated","943","8559","div","0"
"https://euaiact.com/article/10","https://euaiact.com/chapter/5-4","NAV","NAV","0","0","3/3","2/3","eliminated","943","8559","div","0"
"https://euaiact.com/article/21","https://euaiact.com/title/6","NAV","NAV","1","0","3/3","2/3","eliminated","943","8559","div","0"
"https://euaiact.com/article/30","https://euaiact.com/article/74","NAV","NAV","0","0","2/3","2/3","eliminated","943","8559","div","0"
"https://euaiact.com/article/30","https://euaiact.com/recital/148","NAV","NAV","0","0","2/3","2/3","eliminated","943","8559","div","0"
"https://euaiact.com/article/30","https://euaiact.com/title/6","NAV","NAV","1","0","3/3","2/3","eliminated","943","8559","div","0"
"https://euaiact.com/article/62","https://euaiact.com/article/10","NAV","NAV","0","0","2/3","2/3","eliminated","943","8559","div","0"
"https://euaiact.com/article/62","https://euaiact.com/article/77","NAV","NAV","0","0","2/3","2/3","eliminated","943","8559","div","0"
"https://euaiact.com/article/62","https://euaiact.com/article/90","NAV","NAV","1","0","3/3","2/3","eliminated","943","8559","div","0"
"https://euaiact.com/article/62","https://euaiact.com/chapter/5-1","NAV","NAV","0","0","3/3","2/3","eliminated","943","8559","div","0"
"https://euaiact.com/article/62","https://euaiact.com/chapter/5-2","NAV","NAV","0","0","3/3","2/3","eliminated","943","8559","div","0"
"https://euaiact.com/article/62","https://euaiact.com/chapter/5-4","NAV","NAV","0","0","3/3","2/3","eliminated","943","8559","div","0"
"https://euaiact.com/article/62","https://euaiact.com/key-issue/1","NAV","NAV","1","0","2/3","2/3","eliminated","943","8559","div","0"
"https://euaiact.com/article/62","https://euaiact.com/key-issue/4","NAV","NAV","0","0","3/3","2/3","eliminated","943","8559","div","0"
"https://euaiact.com/article/62","https://euaiact.com/key-issue/6","NAV","NAV","1","0","3/3","2/3","eliminated","943","8559","div","0"
"https://euaiact.com/article/62","https://euaiact.com/recital/148","NAV","NAV","0","0","2/3","2/3","eliminated","943","8559","div","0"
"https://euaiact.com/article/62","https://euaiact.com/recital/149","NAV","TOC","0","0","2/3","2/3","eliminated","943","8559","div","0"
"https://euaiact.com/article/62","https://euaiact.com/recital/69","NAV","NAV","1","0","2/3","2/3","eliminated","943","8559","div","0"
"https://euaiact.com/article/74","https://euaiact.com/article/30","NAV","NAV","0","0","3/3","2/3","eliminated","943","8559","div","0"
"https://euaiact.com/article/74","https://euaiact.com/article/77","NAV","NAV","0","0","2/3","2/3","eliminated","943","8559","div","0"
"https://euaiact.com/article/74","https://euaiact.com/chapter/5-4","NAV","NAV","0","0","2/3","2/3","eliminated","943","8559","div","0"
"https://euaiact.com/article/74","https://euaiact.com/recital/105","NAV","NAV","1","0","3/3","2/3","eliminated","943","8559","div","0"
"https://euaiact.com/article/74","https://euaiact.com/recital/149","NAV","TOC","0","0","2/3","2/3","eliminated","943","8559","div","0"
"https://euaiact.com/article/74","https://euaiact.com/recital/37","NAV","NAV","0","0","2/3","2/3","eliminated","943","8559","div","0"
"https://euaiact.com/article/74","https://euaiact.com/recital/69","NAV","TOC","0","0","2/3","2/3","eliminated","943","8559","div","0"
"https://euaiact.com/article/77","https://euaiact.com/chapter/5-4","NAV","NAV","0","0","3/3","2/3","eliminated","943","8559","div","0"
"https://euaiact.com/article/77","https://euaiact.com/key-issue/1","NAV","NAV","1","0","3/3","3/3","eliminated","943","8559","div","0"
"https://euaiact.com/article/81","https://euaiact.com/key-issue/1","NAV","NAV","1","0","3/3","2/3","eliminated","943","8559","div","0"
"https://euaiact.com/article/81","https://euaiact.com/title/6","NAV","NAV","0","0","3/3","2/3","eliminated","943","8559","div","0"
"https://euaiact.com/article/9","https://euaiact.com/chapter/5-2","NAV","NAV","1","0","3/3","2/3","eliminated","943","8559","div","0"
"https://euaiact.com/article/9","https://euaiact.com/recital/35","NAV","NAV","1","0","3/3","2/3","eliminated","943","8559","div","0"
"https://euaiact.com/article/9","https://euaiact.com/recital/37","NAV","NAV","1","0","3/3","2/3","eliminated","943","8559","div","0"
"https://euaiact.com/article/90","https://euaiact.com/article/81","NAV","NAV","1","0","3/3","2/3","eliminated","943","8559","div","0"
"https://euaiact.com/blog/c-suite-action-plan-preparing-for-eu-ai-act","https://euaiact.com/article/62","NAV","NAV","1","0","3/3","2/3","eliminated","943","8559","div","0"
"https://euaiact.com/blog/c-suite-action-plan-preparing-for-eu-ai-act","https://euaiact.com/key-issue/5","NAV","NAV","1","0","3/3","2/3","eliminated","943","8559","div","0"
"https://euaiact.com/blog/c-suite-action-plan-preparing-for-eu-ai-act","https://euaiact.com/key-issues","NAV","NAV","0","0","3/3","2/3","eliminated","943","8559","div","0"
"https://euaiact.com/blog/c-suite-action-plan-preparing-for-eu-ai-act","https://euaiact.com/recital/161","NAV","TOC","1","0","2/3","2/3","eliminated","943","8559","div","0"
"https://euaiact.com/blog/eu-ai-act-enterprise-guide-compliance","https://euaiact.com/article/21","NAV","NAV","0","0","3/3","2/3","eliminated","943","8559","div","0"
"https://euaiact.com/blog/eu-ai-act-enterprise-guide-compliance","https://euaiact.com/article/30","NAV","NAV","0","0","3/3","2/3","eliminated","943","8559","div","0"
"https://euaiact.com/blog/eu-ai-act-enterprise-guide-compliance","https://euaiact.com/article/90","NAV","NAV","1","0","2/3","2/3","eliminated","943","8559","div","0"
"https://euaiact.com/blog/eu-ai-act-enterprise-guide-compliance","https://euaiact.com/blog/c-suite-action-plan-preparing-for-eu-ai-act","EDITORIAL","EDIT_INT","1","1","3/3","3/3","retained","600","7442","p","0"
"https://euaiact.com/blog/high-risk-ai-systems-under-the-eu-ai-act","https://euaiact.com/article/74","NAV","NAV","1","0","2/3","2/3","eliminated","943","8559","div","0"
"https://euaiact.com/blog/high-risk-ai-systems-under-the-eu-ai-act","https://euaiact.com/article/90","NAV","NAV","0","0","3/3","2/3","eliminated","943","8559","div","0"
"https://euaiact.com/blog/high-risk-ai-systems-under-the-eu-ai-act","https://euaiact.com/key-issues","NAV","NAV","0","0","3/3","2/3","eliminated","943","8559","div","0"
"https://euaiact.com/blog/prohibited-ai-practices-under-the-eu-ai-act","https://euaiact.com/chapter/5-1","NAV","NAV","0","0","3/3","3/3","eliminated","943","8559","div","0"
"https://euaiact.com/blog/prohibited-ai-practices-under-the-eu-ai-act","https://euaiact.com/key-issue/4","NAV","NAV","1","0","3/3","2/3","eliminated","943","8559","div","0"
"https://euaiact.com/chapter/5-2","https://euaiact.com/article/10","NAV","NAV","0","0","3/3","2/3","eliminated","943","8559","div","0"
"https://euaiact.com/chapter/5-2","https://euaiact.com/article/62","NAV","NAV","1","0","3/3","3/3","eliminated","943","8559","div","0"
"https://euaiact.com/chapter/5-2","https://euaiact.com/chapter/5-1","NAV","NAV","0","0","2/3","3/3","eliminated","943","8559","div","0"
"https://euaiact.com/chapter/5-2","https://euaiact.com/key-issue/4","NAV","NAV","1","0","3/3","2/3","eliminated","943","8559","div","0"
"https://euaiact.com/chapter/5-2","https://euaiact.com/key-issue/5","NAV","NAV","1","0","3/3","2/3","eliminated","943","8559","div","0"
"https://euaiact.com/chapter/5-2","https://euaiact.com/title/6","NAV","NAV","0","0","2/3","2/3","eliminated","943","8559","div","0"
"https://euaiact.com/chapter/5-4","https://euaiact.com/article/77","NAV","NAV","0","0","3/3","2/3","eliminated","943","8559","div","0"
"https://euaiact.com/chapter/5-4","https://euaiact.com/article/9","NAV","NAV","0","0","3/3","2/3","eliminated","943","8559","div","0"
"https://euaiact.com/chapter/5-4","https://euaiact.com/key-issue/3","NAV","NAV","0","0","3/3","2/3","eliminated","943","8559","div","0"
"https://euaiact.com/chapter/5-4","https://euaiact.com/key-issue/4","NAV","NAV","0","0","2/3","2/3","eliminated","943","8559","div","0"
"https://euaiact.com/chapter/5-4","https://euaiact.com/recital/35","NAV","NAV","0","0","2/3","2/3","eliminated","943","8559","div","0"
"https://euaiact.com/chapter/5-4","https://euaiact.com/recital/37","NAV","NAV","1","0","2/3","2/3","eliminated","943","8559","div","0"
"https://euaiact.com/chapter/7-1","https://euaiact.com/key-issue/4","NAV","NAV","1","0","3/3","3/3","eliminated","943","8559","div","0"
"https://euaiact.com/chapter/7-1","https://euaiact.com/key-issues","NAV","NAV","0","0","3/3","3/3","eliminated","943","8559","div","0"
"https://euaiact.com/chapter/7-1","https://euaiact.com/recital/35","NAV","NAV","0","0","2/3","3/3","eliminated","943","8559","div","0"
"https://euaiact.com/chapter/7-1","https://euaiact.com/recital/37","NAV","NAV","1","0","2/3","2/3","eliminated","943","8559","div","0"
"https://euaiact.com/chapter/7-1","https://euaiact.com/recital/69","NAV","TOC","0","0","2/3","2/3","eliminated","943","8559","div","0"
"https://euaiact.com/key-issue/2","https://euaiact.com/article/74","NAV","NAV","1","0","2/3","2/3","eliminated","943","8559","div","0"
"https://euaiact.com/key-issue/2","https://euaiact.com/key-issue/6","NAV","NAV","0","0","3/3","2/3","eliminated","943","8559","div","0"
"https://euaiact.com/key-issue/2","https://euaiact.com/title/6","NAV","NAV","1","0","2/3","2/3","eliminated","943","8559","div","0"
"https://euaiact.com/key-issue/3","https://euaiact.com/article/90","NAV","NAV","0","0","3/3","2/3","eliminated","943","8559","div","0"
"https://euaiact.com/key-issue/3","https://euaiact.com/key-issue/4","NAV","NAV","1","0","3/3","3/3","eliminated","943","8559","div","0"
"https://euaiact.com/key-issue/3","https://euaiact.com/key-issue/6","NAV","NAV","0","0","3/3","2/3","eliminated","943","8559","div","0"
"https://euaiact.com/key-issue/4","https://euaiact.com/article/81","NAV","NAV","0","0","2/3","2/3","eliminated","943","8559","div","0"
"https://euaiact.com/key-issue/4","https://euaiact.com/key-issue/3","NAV","NAV","0","0","2/3","2/3","eliminated","943","8559","div","0"
"https://euaiact.com/key-issue/4","https://euaiact.com/recital/105","NAV","TOC","0","0","2/3","2/3","eliminated","943","8559","div","0"
"https://euaiact.com/key-issue/4","https://euaiact.com/title/6","NAV","NAV","1","0","3/3","3/3","eliminated","943","8559","div","0"
"https://euaiact.com/key-issue/5","https://euaiact.com/key-issue/3","NAV","NAV","0","0","3/3","2/3","eliminated","943","8559","div","0"
"https://euaiact.com/key-issue/6","https://euaiact.com/article/9","NAV","NAV","0","0","3/3","2/3","eliminated","943","8559","div","0"
"https://euaiact.com/key-issue/6","https://euaiact.com/key-issue/3","NAV","NAV","0","0","2/3","2/3","eliminated","943","8559","div","0"
"https://euaiact.com/key-issues","https://euaiact.com/article/81","NAV","NAV","0","0","2/3","2/3","eliminated","943","8559","div","0"
"https://euaiact.com/key-issues","https://euaiact.com/key-issue/1","NAV","NAV","1","0","3/3","2/3","eliminated","943","8559","div","0"
"https://euaiact.com/recital/105","https://euaiact.com/article/62","NAV","NAV","0","0","3/3","2/3","eliminated","943","8559","div","0"
"https://euaiact.com/recital/105","https://euaiact.com/chapter/7-1","NAV","NAV","0","0","3/3","3/3","eliminated","943","8559","div","0"
"https://euaiact.com/recital/105","https://euaiact.com/recital/148","NAV","NAV","0","0","2/3","3/3","eliminated","943","8559","div","0"
"https://euaiact.com/recital/105","https://euaiact.com/recital/149","NAV","TOC","0","0","2/3","3/3","eliminated","943","8559","div","0"
"https://euaiact.com/recital/105","https://euaiact.com/recital/37","NAV","NAV","0","0","2/3","3/3","eliminated","943","8559","div","0"
"https://euaiact.com/recital/148","https://euaiact.com/article/30","NAV","NAV","0","0","3/3","2/3","eliminated","943","8559","div","0"
"https://euaiact.com/recital/148","https://euaiact.com/chapter/5-2","NAV","NAV","0","0","2/3","3/3","eliminated","943","8559","div","0"
"https://euaiact.com/recital/148","https://euaiact.com/recital/35","NAV","TOC","0","0","2/3","3/3","eliminated","943","8559","div","0"
"https://euaiact.com/recital/148","https://euaiact.com/recital/37","NAV","NAV","0","0","2/3","3/3","eliminated","943","8559","div","0"
"https://euaiact.com/recital/148","https://euaiact.com/recital/69","NAV","NAV","0","0","3/3","3/3","eliminated","943","8559","div","0"
"https://euaiact.com/recital/149","https://euaiact.com/article/81","NAV","NAV","0","0","2/3","3/3","eliminated","943","8559","div","0"
"https://euaiact.com/recital/149","https://euaiact.com/key-issue/1","NAV","NAV","1","0","2/3","2/3","eliminated","943","8559","div","0"
"https://euaiact.com/recital/161","https://euaiact.com/key-issue/3","NAV","NAV","0","0","2/3","2/3","eliminated","943","8559","div","0"
"https://euaiact.com/recital/161","https://euaiact.com/key-issue/5","NAV","NAV","1","0","3/3","2/3","eliminated","943","8559","div","0"
"https://euaiact.com/recital/161","https://euaiact.com/recital/149","NAV","NAV","0","0","2/3","3/3","eliminated","943","8559","div","0"
"https://euaiact.com/recital/161","https://euaiact.com/recital/69","NAV","NAV","0","0","2/3","3/3","eliminated","943","8559","div","0"
"https://euaiact.com/recital/35","https://euaiact.com/article/9","NAV","NAV","0","0","3/3","2/3","eliminated","943","8559","div","0"
"https://euaiact.com/recital/35","https://euaiact.com/chapter/5-1","NAV","NAV","0","0","3/3","3/3","eliminated","943","8559","div","0"
"https://euaiact.com/recital/35","https://euaiact.com/key-issue/1","NAV","NAV","1","0","2/3","2/3","eliminated","943","8559","div","0"
"https://euaiact.com/recital/35","https://euaiact.com/recital/148","NAV","NAV","0","0","2/3","2/3","eliminated","943","8559","div","0"
"https://euaiact.com/recital/37","https://euaiact.com/article/21","NAV","NAV","0","0","3/3","2/3","eliminated","943","8559","div","0"
"https://euaiact.com/recital/37","https://euaiact.com/chapter/5-4","NAV","NAV","0","0","2/3","2/3","eliminated","943","8559","div","0"
"https://euaiact.com/recital/56","https://euaiact.com/article/10","NAV","NAV","0","0","3/3","2/3","eliminated","943","8559","div","0"
"https://euaiact.com/recital/56","https://euaiact.com/chapter/7-1","NAV","NAV","0","0","2/3","3/3","eliminated","943","8559","div","0"
"https://euaiact.com/recital/56","https://euaiact.com/key-issue/2","NAV","NAV","0","0","3/3","2/3","eliminated","943","8559","div","0"
"https://euaiact.com/recital/56","https://euaiact.com/key-issues","NAV","NAV","0","0","3/3","2/3","eliminated","943","8559","div","0"
"https://euaiact.com/recital/56","https://euaiact.com/recital/148","NAV","NAV","0","0","2/3","3/3","eliminated","943","8559","div","0"
"https://euaiact.com/recital/56","https://euaiact.com/recital/161","NAV","TOC","0","0","2/3","3/3","eliminated","943","8559","div","0"
"https://euaiact.com/recital/56","https://euaiact.com/recital/37","NAV","TOC","0","0","2/3","3/3","eliminated","943","8559","div","0"
"https://euaiact.com/recital/69","https://euaiact.com/key-issue/6","NAV","NAV","1","0","3/3","2/3","eliminated","943","8559","div","0"
"https://euaiact.com/recital/69","https://euaiact.com/recital/56","NAV","NAV","0","0","2/3","3/3","eliminated","943","8559","div","0"
"https://euaiact.com/recital/69","https://euaiact.com/title/6","NAV","NAV","0","0","2/3","2/3","eliminated","943","8559","div","0"
"https://euaiact.com/title/6","https://euaiact.com/article/9","NAV","NAV","0","0","3/3","2/3","eliminated","943","8559","div","0"
"https://eunews.it/en/2026/05/07/parliament-and-the-council-reach-agreement-on-the-amendment-to-the-ai-act-ban-on-sexual-deepfakes-finalised","https://europarl.europa.eu/news/en/press-room/20260427IPR42011/ai-act-deal-on-simplification-measures-ban-on-nudifier-apps","EDITORIAL","EDIT_EXT","1","1","3/3","3/3","retained","600","7442","p","1"
"https://euobserver.com/3339/gutting-ai-transparency-in-the-name-of-deregulation-will-not-help-europe","https://digital-strategy.ec.europa.eu/en/policies/regulatory-framework-ai","EDITORIAL","EDIT_EXT","1","1","3/3","3/3","retained","600","7442","p","1"
"https://eur-lex.europa.eu/eli/reg/2024/1689/oj/eng","https://eur-lex.europa.eu/legal-content/EN/LSU?uri=CELEX%3A32024R1689","NAV","NAV","0","0","2/3","2/3","eliminated","943","8559","li","0"
"https://euractiv.com/news/ai-act-eu-commission-attempts-to-revive-tiered-approach-shifting-to-general-purpose-ai","https://euractiv.com/news/france-germany-italy-push-for-mandatory-self-regulation-for-foundation-models-in-eus-ai-law","RECO","RECO","1","0","3/3","3/3","eliminated","943","8559","p","0"
"https://eurofound.europa.eu/en/publications/all/collective-bargaining-on-artificial-intelligence-at-work","https://commission.europa.eu/news-and-media/news/ai-act-enters-force-2024-08-01_en","EDITORIAL","EDIT_EXT","1","1","3/3","3/3","retained","600","7442","p","1"
"https://euronews.com/next/2026/03/10/eu-parliament-urges-new-rules-to-protect-creative-works-from-ai-training","https://euronews.com/next/2025/08/02/eus-ai-act-doesnt-do-enough-to-protect-artists-copyright-creative-groups-say","EDITORIAL","EDIT_INT","1","1","3/3","3/3","retained","600","7442","p","0"
"https://europarl.europa.eu/committees/en/artificial-intelligence-act/product-details/20230417CDT11481","https://europarl.europa.eu/news/en/press-room/20231206IPR15699/artificial-intelligence-act-deal-on-comprehensive-rules-for-trustworthy-ai","","NOMAJ","1","0","1/3","3/3","retained","600","7442","li","0"
"https://europarl.europa.eu/committees/fr/artificial-intelligence-act/product-details/20230417CDT11481","https://europarl.europa.eu/committees/it/artificial-intelligence-act/product-details/20230417CDT11481","NAV","NAV","0","0","3/3","3/3","eliminated","943","8559","li","0"
"https://europarl.europa.eu/thinktank/cs/document/EPRS_BRI(2021)698792","https://europarl.europa.eu/thinktank/en/document/EPRS_BRI(2021)698792","NAV","NAV","0","0","3/3","3/3","eliminated","943","8559","li","0"
"https://europarl.europa.eu/thinktank/pl/document/EPRS_BRI(2021)698792","https://europarl.europa.eu/thinktank/es/document/EPRS_BRI(2021)698792","NAV","NAV","0","0","3/3","3/3","eliminated","943","8559","li","0"
"https://europeansources.info/record/proposal-for-a-regulation-laying-down-harmonised-rules-on-artificial-intelligence-artificial-intelligence-act-and-amending-certain-union-legislative-acts","https://cer.eu/insights/uks-plans-ai-brussels-still-looms-large","NAV","DATA_LISTING","1","0","2/3","3/3","retained","600","7442","dd","1"
"https://europeansources.info/record/proposal-for-a-regulation-laying-down-harmonised-rules-on-artificial-intelligence-artificial-intelligence-act-and-amending-certain-union-legislative-acts","https://datainnovation.org/2024/03/the-eus-ai-act-creates-regulatory-complexity-for-open-source-ai","NAV","DATA_LISTING","1","0","2/3","3/3","retained","600","7442","dd","1"
"https://europeanstudiesreview.com/2024/11/25/global-implications-of-the-eu-ai-act-compliance-challenges-and-opportunities","https://rand.org/pubs/research_reports/RRA3243-1.html","EDITORIAL","EDIT_EXT","1","1","3/3","3/3","retained","600","7442","p","1"
"https://europeanwriterscouncil.eu/2503_nosupport_cop","https://europeanwriterscouncil.eu/2503joint_oppose_codeofpractice","NAV","NAV","0","0","2/3","3/3","eliminated","943","8559","div","0"
"https://europrospects.eu/free-open-and-untouchable-open-source-enforcement-gaps-within-the-ai-act","https://cambridge.org/core/journals/european-journal-of-risk-regulation/article/robust-governance-for-the-ai-act-ai-office-ai-board-scientific-panel-and-national-authorities/98FEE97C8F9423DFCC28CBE063F9753B","EDITORIAL","EDIT_EXT","1","1","3/3","3/3","retained","600","7442","p","1"
"https://eversheds-sutherland.com/en/global/insights/eu-regulatory-developments-concerning-the-ai-act","https://digital-strategy.ec.europa.eu/en/library/commission-publishes-guidelines-ai-system-definition-facilitate-first-ai-acts-rules-application","EDITORIAL","EDIT_EXT","1","1","3/3","3/3","eliminated","943","8559","li","1"
"https://eversheds-sutherland.com/en/south-africa/insights/global-ai-regulatory-update-march-2025","https://eversheds-sutherland.com/en/global/client-tools/ai-mitigator","EDITORIAL","EDIT_INT","1","1","3/3","2/3","retained","600","7442","p","0"
"https://eversheds-sutherland.com/en/united-states/insights/global-ai-regulatory-update-december-2025","https://eversheds-sutherland.com/en/united-states/business-topics/artificial-intelligence","NAV","NAV","0","0","2/3","3/3","eliminated","943","8559","li","0"
"https://eversheds-sutherland.com/en/united-states/insights/global-ai-regulatory-update-december-2025","https://eversheds-sutherland.com/en/united-states/client-tools/ai-mitigator","NAV","NAV","0","0","3/3","3/3","eliminated","943","8559","li","0"
"https://eversheds-sutherland.com/en/united-states/insights/global-ai-regulatory-update-march-2025","https://eversheds-sutherland.com/en/global/client-tools/ai-mitigator","EDITORIAL","EDIT_INT","1","1","3/3","2/3","retained","600","7442","p","0"
"https://ey.com/en_nl/insights/ai/eu-ai-act-roadmap-what-does-the-ai-act-mean-for-your-organization","https://ey.com/en_nl/insights/ai/seven-guidelines-for-implementing-responsible-ai","RECO","RECO","1","0","3/3","3/3","eliminated","943","8559","div","0"
"https://ey.com/en_uk/insights/ai/g7-ai-principles-and-code-of-conduct","https://artificialintelligenceact.eu/","EDITORIAL","EDIT_EXT","1","1","2/3","3/3","eliminated","943","8559","span","1"
"https://ezine.eversheds-sutherland.com/legal-issues-around-ai/eu-ai-act","https://eversheds-sutherland.com/en/global/client-tools/ai-mitigator","ADS","ADS","0","0","3/3","2/3","eliminated","943","8559","div","1"
"https://f5.com/company/blog/eu-ai-act-compliance-just-got-easier","https://artificialintelligenceact.eu/","EDITORIAL","EDIT_EXT","1","1","3/3","3/3","retained","600","7442","p","1"
"https://federalnewsnetwork.com/artificial-intelligence/2025/12/trump-signs-executive-order-to-block-state-ai-regulations","https://apnews.com/article/trump-executive-order-artificial-intelligence-ai-regulation-646de06404ba543dd7244d225fb27250","EDITORIAL","EDIT_EXT","1","1","3/3","3/3","eliminated","943","8559","p","1"
"https://fedscoop.com/five-takeaways-from-the-ai-executive-orders-180-day-deadline","https://fedscoop.com/trump-ai-action-plan-details-race-with-china","RECO","RECO","1","0","3/3","3/3","eliminated","943","8559","h3","0"
"https://fedscoop.com/trump-david-sacks-as-ai-crypto-czar","https://fedscoop.com/trump-signs-executive-order-curbing-state-regulation-of-ai","RECO","RECO","1","0","3/3","3/3","eliminated","943","8559","h3","0"
"https://fieldfisher.com/en/services/privacy-security-and-information/privacy-security-and-information-law-blog/cutting-through-the-noise---what-do-privacy-lawyer","https://fieldfisher.com/en/insights/ai-privacy-compliance-getting-data-protection-impact-assessments-right","EDITORIAL","EDIT_INT","1","1","3/3","3/3","retained","600","7442","p","0"
"https://fiercehealthcare.com/regulatory/exclusive-paragon-health-institute-could-shape-ai-policy-under-trump","https://paragoninstitute.org/private-health/lowering-health-care-costs-through-ai-the-possibilities-and-barriers","EDITORIAL","EDIT_EXT","1","1","3/3","3/3","retained","600","7442","p","1"
"https://fifthrow.com/blog/the-last-30-days-of-ai-regulation-a-volatile-patchwork-reshaping-the-technology-sector","https://whitecase.com/insight-our-thinking/ai-watch-global-regulatory-tracker-united-states","EDITORIAL","EDIT_EXT","1","1","3/3","3/3","retained","600","7442","p","1"
"https://fimea.fi/en/medical-devices/using-artificial-intelligence-in-medical-devices","https://digital-strategy.ec.europa.eu/en/library/commission-publishes-guidelines-ai-system-definition-facilitate-first-ai-acts-rules-application","EDITORIAL","EDIT_EXT","1","1","3/3","3/3","eliminated","943","8559","p","1"
"https://foley.com/insights/publications/2025/01/2023-ai-executive-order-revoked","https://foley.com/insights/publications/2024/05/colorado-passes-new-ai-law-protect-consumer-interactions","EDITORIAL","EDIT_INT","1","1","3/3","3/3","retained","600","7442","p","0"
"https://forbes.com/sites/antoniopequenoiv/2025/11/19/trump-urges-federal-ai-regulation-to-combat-woke-state-laws","https://brookings.edu/articles/the-coming-ai-backlash-will-shape-future-regulation","EDITORIAL","EDIT_EXT","1","1","3/3","3/3","retained","600","7442","p","1"
"https://forbes.com/sites/cio/2026/03/26/trumps-latest-entry-into-the-ai-policy-battle","https://multistate.ai/artificial-intelligence-ai-legislation","EDITORIAL","EDIT_EXT","1","1","3/3","3/3","retained","600","7442","p","1"
"https://foreignaffairs.com/united-states/real-stakes-ai-race","https://foreignaffairs.com/united-states/ai-weapons-and-dangerous-illusion-human-control","RECO","RECO","1","0","3/3","3/3","eliminated","943","8559","h3","0"
"https://foreignpolicy.com/2024/01/25/ai-regulation-monopoly-chatgpt","https://time.com/6313588/california-ai-regulation-bill","EDITORIAL","EDIT_EXT","1","1","3/3","3/3","retained","600","7442","p","1"
"https://foreignpolicy.com/2024/08/19/kamala-harris-czar-ai-biden-white-house","https://nytimes.com/2024/07/24/technology/kamala-harris-ai-regulation.html","EDITORIAL","EDIT_EXT","1","1","3/3","3/3","retained","600","7442","p","1"
"https://foresightmobile.com/blog/eu-ai-act-guide-for-app-developers","https://a-lign.com/articles/preparing-for-eu-ai-act-compliance","EDITORIAL","EDIT_EXT","1","1","2/3","3/3","eliminated","943","8559","li","1"
"https://forhumanity.center/article/europes-ai-sandboxes-navigating-regulatory-evolution","https://forhumanity.center/projects/eu-ai-act","NAV","NAV","0","0","3/3","3/3","eliminated","943","8559","li","0"
"https://fortune.com/2024/01/04/united-states-government-ai-expert-careers","https://fortune.com/europe/2024/01/03/eu-andmark-ai-act-us-uk-chatgpt-regulation-2024-tech-david-haber","EDITORIAL","EDIT_INT","1","1","2/3","3/3","eliminated","943","8559","p","0"
"https://fpanalytics.foreignpolicy.com/2024/05/23/responsible-regulation-artificial-intelligence-health-care","https://securiti.ai/impact-of-the-gdpr-on-artificial-intelligence","EDITORIAL","EDIT_EXT","1","1","3/3","3/3","retained","600","7442","p","1"
"https://fpf.org/blog/geopolitical-fragmentation-the-ai-race-and-global-data-flows-the-new-reality","https://fpf.org/blog/red-lines-under-the-eu-ai-act-understanding-prohibited-ai-practices-and-their-interplay-with-the-gdpr-dsa","RECO","RECO","1","0","2/3","3/3","retained","600","7442","div","0"
"https://fpf.org/blog/oaics-dual-ai-guidelines-set-new-standards-for-privacy-protection-in-australia","https://fpf.org/blog/understanding-japans-ai-promotion-act-an-innovation-first-blueprint-for-ai-regulation","RECO","RECO","1","0","2/3","3/3","retained","600","7442","div","0"
"https://freiheit.org/north-and-south-korea/ai-public-administration-lessons-eu-and-korea","https://artificialintelligenceact.eu/","EDITORIAL","EDIT_EXT","1","1","3/3","3/3","retained","600","7442","span","1"
"https://freshfields.com/en/our-thinking/blogs/technology-quotient/robot-recruitment-under-german-employment-law-personnel-selection-with-the-help-102iya0","https://ec.europa.eu/commission/presscorner/detail/en/ip_23_6473","EDITORIAL","EDIT_EXT","1","1","3/3","3/3","retained","600","7442","p","1"
"https://friss.com/blog/responsible-ai-between-regulation-and-innovation","https://artificialintelligenceact.eu/","EDITORIAL","EDIT_EXT","1","1","3/3","3/3","retained","600","7442","p","1"
"https://frontiersin.org/journals/artificial-intelligence/articles/10.3389/frai.2023.1277544/full","https://dl.acm.org/doi/10.1145/3593013.3594069","EDITORIAL","REF_BIB","1","1","3/3","3/3","retained","600","7442","p","1"
"https://fticonsulting.com/insights/articles/bridging-gap-between-artificial-intelligence-implementation-governance-democracy","https://artificialintelligenceact.eu/","EDITORIAL","REF_BIB","1","1","3/3","3/3","retained","600","7442","p","1"
"https://fticonsulting.com/insights/articles/bridging-gap-between-artificial-intelligence-implementation-governance-democracy","https://bdo.co.uk/en-gb/insights/industries/financial-services/the-fca-consumer-duty-algorithmic-bias-and-discrimination","EDITORIAL","REF_BIB","1","1","3/3","3/3","retained","600","7442","p","1"
"https://futureoflife.org/ai-policy/michael-kleinman-reacts-to-breakthrough-ai-safety-legislation","https://futureoflife.org/our-work/policy-and-research","NAV","NAV","0","0","3/3","3/3","eliminated","943","8559","div","0"
"https://futureoflife.org/document/recommendations-for-ai-action-plan","https://futureoflife.org/our-work/policy-and-research","NAV","NAV","0","0","3/3","3/3","eliminated","943","8559","div","0"
"https://futureoflife.org/our-work/policy-and-research","https://aigi.ox.ac.uk/publications/a-blueprint-for-multinational-advanced-ai-development","OTHER","X_OTHER","1","0","2/3","3/3","eliminated","943","8559","div","1"
"https://futureoflife.org/our-work/policy-and-research","https://futureoflife.org/document/recommendations-for-ai-action-plan","RECO","RECO","1","0","3/3","3/3","retained","600","7442","div","0"
"https://futureoflife.org/safety","https://time.com/6972134/ai-lobbying-tech-policy-surge","RECO","RECO","1","0","2/3","3/3","eliminated","943","8559","div","1"
"https://futureoflife.org/statement/head-of-us-policy-on-the-white-house-ai-legislative-recommendations","https://washingtonpost.com/technology/2025/12/11/trump-executive-order-ai-states","EDITORIAL","EDIT_EXT","1","1","3/3","3/3","retained","600","7442","li","1"
"https://futurism.com/trump-fans-ai-plan","https://businessinsider.com/trump-big-beautiful-bill-ai-regulation-ban-tech-2025-6","EDITORIAL","EDIT_EXT","1","1","2/3","3/3","retained","600","7442","p","1"
"https://gamingtechlaw.com/2026/03/eu-ai-act-update-parliament-approves-digital-omnibus-changes","https://europarl.europa.eu/news/en/press-room/20260323IPR38829/artificial-intelligence-act-delayed-application-ban-on-nudifier-apps","EDITORIAL","EDIT_EXT","1","1","3/3","3/3","retained","600","7442","p","1"
"https://gdprlocal.com/ai-act-fundamental-rights-impact-assessments-fria-who-when-why-and-how-to-ensure-ethical-ai-deployment","https://gdprlocal.com/eu-ai-act-understanding-the-role-of-authorized-representatives-in-the-ai-value-chain","EDITORIAL","EDIT_INT","1","1","3/3","3/3","retained","600","7442","p","0"
"https://gdprlocal.com/eu-ai-act-compliance-checker","https://artificialintelligenceact.eu/","EDITORIAL","EDIT_EXT","1","1","3/3","3/3","retained","600","7442","p","1"
"https://gdprlocal.com/regulations-on-ai","https://gdprlocal.com/consent-in-ai-appliactions","EDITORIAL","EDIT_INT","1","1","3/3","3/3","retained","600","7442","p","0"
"https://geciclaw.com/treaty-on-artificial-intelligence","https://geciclaw.com/what-the-eu-ai-act-deal-really-means","RECO","RECO","1","0","3/3","3/3","eliminated","943","8559","h4","0"
"https://getproofsnap.com/posts/ai-flight-recorder-chatbot-liability-eu-ai-act-2026.html","https://holisticai.com/blog/penalties-of-the-eu-ai-act","EDITORIAL","REF_BIB","1","1","2/3","3/3","retained","600","7442","cite","1"
"https://gibsondunn.com/gibson-dunn-europe-data-protection-december-2025","https://europarl.europa.eu/thinktank/en/document/ECTI_ATA(2025)778577","EDITORIAL","EDIT_EXT","1","1","3/3","3/3","retained","600","7442","p","1"
"https://github.com/microsoft/agent-governance-toolkit/blob/main/docs/compliance/eu-ai-act-checklist.md","https://ai-act-service-desk.ec.europa.eu/en/ai-act/article-26","EDITORIAL","EDIT_LIST","1","1","2/3","3/3","retained","600","7442","li","1"
"https://global.fujitsu/en-global/technology/key-technologies/ai/aiethics/governance","https://global.fujitsu/en-global/technology/key-technologies/ai/aiethics","NAV","NAV","0","0","2/3","3/3","eliminated","943","8559","li","0"
"https://globalgovernmentforum.com/uae-regulates-ai-in-national-elections-to-promote-transparency","https://globalgovernmentforum.com/us-federal-government-launches-action-plan-to-win-ai-race","RECO","RECO","1","0","3/3","3/3","eliminated","943","8559","div","0"
"https://goodwinlaw.com/en/insights/publications/2023/08/insights-technology-aiml-eu-ai-act-global-standard-artificial-intelligence","https://goodwinlaw.com/en/insights/publications/2024/02/insights-technology-aiml-the-eu-ai-act-is-almost-here","EDITORIAL","EDIT_INT","1","1","3/3","3/3","retained","600","7442","em","0"
"https://goodwinlaw.com/en/insights/publications/2024/11/insights-lifesciences-dpc-how-the-eu-ai-act-could-affect-medtech","https://goodwinlaw.com/en/insights/publications/2024/03/alerts-practices-aiml-series-1-the-worlds-first-ai-regulation-is-here","EDITORIAL","EDIT_INT","1","1","3/3","3/3","retained","600","7442","p","0"
"https://governance.ai/research-paper/from-principles-to-rules-a-regulatory-approach-for-frontier-ai","https://governance.ai/theme/ai-regulation","NAV","TAG","1","0","2/3","3/3","eliminated","943","8559","div","0"
"https://governance.ai/research-paper/governing-through-the-cloud","https://governance.ai/theme/ai-regulation","NAV","TAG","1","0","3/3","3/3","eliminated","943","8559","div","0"
"https://governance.ai/research-paper/safety-case-template-for-frontier-ai-a-cyber-inability-argument","https://governance.ai/about-us","NAV","NAV","0","0","3/3","3/3","eliminated","943","8559","div","0"
"https://governance.ai/research-paper/safety-case-template-for-frontier-ai-a-cyber-inability-argument","https://governance.ai/research-paper/labeling-of-ai-agent-activity-in-article-50-of-the-eu-ai-act","RECO","RECO","1","0","3/3","3/3","eliminated","943","8559","div","0"
"https://governance.ai/research-paper/safety-cases-for-frontier-ai","https://governance.ai/research-paper/labeling-of-ai-agent-activity-in-article-50-of-the-eu-ai-act","RECO","RECO","1","0","3/3","3/3","eliminated","943","8559","div","0"
"https://governance.ai/research-paper/safety-cases-for-frontier-ai","https://governance.ai/theme/ai-regulation","NAV","TAG","1","0","2/3","3/3","eliminated","943","8559","div","0"
"https://governance.ai/research-paper/the-logic-of-strategic-assets-from-oil-to-ai","https://governance.ai/research-paper/voice-and-access-in-ai-global-ai-majority-participation-in-artificial-intelligence-development-and-governance","RECO","RECO","1","0","3/3","3/3","eliminated","943","8559","div","0"
"https://governance.ai/research-paper/voice-and-access-in-ai-global-ai-majority-participation-in-artificial-intelligence-development-and-governance","https://governance.ai/research-paper/what-should-be-internationalised-in-ai-governance","RECO","RECO","1","0","3/3","3/3","eliminated","943","8559","div","0"
"https://governing.com/artificial-intelligence/states-plan-to-continue-regulating-ai-despite-trumps-order","https://governing.com/policy/the-mess-states-are-making-of-ai-regulation","RECO","RECO","1","0","3/3","3/3","eliminated","943","8559","div","0"
"https://governing.com/policy/majority-of-states-issue-ai-guidelines-for-schools","https://cdt.org/insights/looking-back-at-ai-guidance-across-state-education-agencies-and-looking-forward","EDITORIAL","EDIT_EXT","1","1","3/3","3/3","retained","600","7442","div","1"
"https://governing.com/policy/why-are-government-agencies-buying-so-much-personal-information","https://governing.com/artificial-intelligence","NAV","NAV","1","0","3/3","2/3","eliminated","943","8559","li","0"
"https://governmentcontractorcomplianceupdate.com/2025/09/02/executive-order-14319-implications-for-a-i-use-in-the-workplace","https://governmentcontractorcomplianceupdate.com/2026/04/28/federal-government-intervenes-in-case-seeking-to-invalidate-colorado-ai-law","RECO","RECO","1","0","3/3","3/3","eliminated","943","8559","div","0"
"https://governmentcontractorcomplianceupdate.com/category/artificial-intelligence","https://governmentcontractorcomplianceupdate.com/2025/09/02/executive-order-14319-implications-for-a-i-use-in-the-workplace","","NOMAJ","1","0","1/3","2/3","eliminated","943","8559","h1","0"
"https://govtech.com/artificial-intelligence/lawsuit-targets-colorados-ai-law-as-its-successor-is-drafted","https://govtech.com/artificial-intelligence/what-the-new-federal-ai-framework-could-mean-for-states","EDITORIAL","EDIT_INT","1","1","3/3","3/3","retained","600","7442","div","0"
"https://govtech.com/artificial-intelligence/new-york-city-may-soon-publicize-approved-ai-tools","https://govtech.com/artificial-intelligence/nyc-reveals-progress-guidance-on-generative-ai","EDITORIAL","EDIT_INT","1","1","2/3","3/3","retained","600","7442","div","0"
"https://govtech.com/artificial-intelligence/utah-launches-office-of-artificial-intelligence-policy","https://govtech.com/artificial-intelligence/where-to-start-with-ai-cities-and-states-offer-use-cases","EDITORIAL","EDIT_INT","1","1","3/3","3/3","retained","600","7442","div","0"
"https://grants.nih.gov/news-events/nih-extramural-nexus-news/2025/07/apply-responsibly-policy-on-ai-use-in-nih-research-applications-and-limiting-submissions-per-pi","https://grants.nih.gov/grants/guide/notice-files/NOT-OD-25-132.html","EDITORIAL","EDIT_INT","1","1","3/3","3/3","retained","600","7442","p","0"
"https://gtlaw-hotoffthehill.com/2025/12/trump-administration-issues-executive-order-on-national-ai-policy-framework","https://gtlaw.com/en/insights/2025/12/trump-administration-issues-executive-order-on-national-ai-policy-framework","OTHER","X_OTHER","1","0","2/3","2/3","eliminated","943","8559","h2","1"
"https://gtlaw.com/en/insights/2025/10/new-york-poised-to-be-at-the-forefront-of-ai-regulation-five-bills-await-gov-hochuls-action","https://gtlaw.com/en/insights/2025/12/2026-outlook-artificial-intelligence","RECO","RECO","1","0","2/3","3/3","eliminated","943","8559","div","0"
"https://gtlaw.com/en/insights/2025/7/eu-ai-act-key-compliance-considerations-ahead-of-august-2025","https://gtlaw.com/en/insights/2024/11/eu-artificial-intelligence-act-business-implications-and-compliance-strategies","EDITORIAL","EDIT_INT","1","1","3/3","3/3","retained","600","7442","p","0"
"https://guides.kentlaw.iit.edu/gen-ai/regs","https://whitecase.com/insight-our-thinking/ai-watch-global-regulatory-tracker-japan","EDITORIAL","EDIT_EXT","1","1","2/3","3/3","eliminated","943","8559","span","1"
"https://hai.stanford.edu/news/societal-impact-open-foundation-models","https://hai.stanford.edu/news/how-promote-responsible-open-foundation-models","EDITORIAL","EDIT_INT","1","1","3/3","3/3","retained","600","7442","p","0"
"https://hai.stanford.edu/news/what-expect-ai-2024","https://hai.stanford.edu/policy","NAV","NAV","0","0","3/3","3/3","eliminated","943","8559","span","0"
"https://harbottle.com/eu-ai-act-transparency-obligations-latest-developments-and-key-obligations","https://europarl.europa.eu/news/en/press-room/20260323IPR38829/artificial-intelligence-act-delayed-application-ban-on-nudifier-apps","EDITORIAL","EDIT_EXT","1","1","3/3","3/3","retained","600","7442","p","1"
"https://hbr.org/2024/02/the-eus-ai-act-and-how-companies-can-achieve-compliance","https://iapp.org/news/a/eu-countries-vote-unanimously-to-approve-ai-act","EDITORIAL","EDIT_EXT","1","1","3/3","3/3","retained","600","7442","p","1"
"https://healthcapital.de/en/news/article/interview-samedi","https://europarl.europa.eu/topics/en/article/20230601STO93804/eu-ai-act-first-regulation-on-artificial-intelligence","EDITORIAL","EDIT_LIST","1","1","2/3","3/3","retained","600","7442","li","1"
"https://healthcareitnews.com/news/stakeholders-react-white-house-national-ai-policy-framework","https://whitecase.com/insight-alert/california-enacts-landmark-ai-transparency-law-transparency-frontier-artificial","EDITORIAL","EDIT_EXT","1","1","3/3","3/3","retained","600","7442","p","1"
"https://healthlawsweden.blogg.lu.se/2025/05/05/ai-in-healthcare-and-the-liability-vacuum-in-eu-law","https://digital-strategy.ec.europa.eu/en/policies/regulatory-framework-ai","EDITORIAL","REF_BIB","1","1","3/3","3/3","retained","600","7442","p","1"
"https://helium42.com/blog/ai-governance-risk-compliance","https://artificialintelligenceact.eu/","EDITORIAL","EDIT_LIST","1","1","2/3","3/3","eliminated","943","8559","p","1"
"https://heydata.eu/en/magazine/how-the-eu-ai-act-will-reshape-corporate-compliance-starting-in-2026","https://heydata.eu/en/ai-compliance","NAV","NAV","0","0","3/3","2/3","eliminated","943","8559","li","0"
"https://hickenlooper.senate.gov/press_releases/hickenlooper-capito-reintroduce-bipartisan-bill-to-boost-ai-standards-create-guidelines-for-third-party-evaluations-of-ai","https://hickenlooper.senate.gov/press_releases/hickenlooper-proposes-ai-auditing-standards-calls-for-protecting-consumer-data-increasing-transparency","EDITORIAL","EDIT_INT","1","1","3/3","3/3","retained","600","7442","p","0"
"https://hlinix.com/blog/checklist","https://hlinix.com/blog/enforcement","NAV","NAV","0","0","3/3","2/3","retained","600","7442","div","0"
"https://hlinix.com/blog/implementation/chapter1","https://hlinix.com/blog/blog","NAV","NAV","0","0","2/3","3/3","eliminated","943","8559","div","0"
"https://hlinix.com/blog/implementation/chapter1","https://hlinix.com/blog/checklist","NAV","NAV","0","0","2/3","2/3","eliminated","943","8559","div","0"
"https://hoganlovells.com/en/publications/italys-ai-law-the-good-the-badand-the-actual-substance","https://hoganlovells.com/en/publications/european-commission-publishes-long-awaited-guidelines-on-high-risk-ai-systems","RECO","RECO","1","0","3/3","3/3","eliminated","943","8559","div","0"
"https://hoganlovells.com/en/publications/the-ai-act-is-coming-eu-reaches-political-agreement-on-comprehensive-regulation-of-artificial-intelligence","https://consilium.europa.eu/en/press/press-releases/2023/12/09/artificial-intelligence-act-council-and-parliament-strike-a-deal-on-the-first-worldwide-rules-for-ai","EDITORIAL","EDIT_EXT","1","1","3/3","3/3","retained","600","7442","p","1"
"https://holisticai.com/blog/ai-governance-risk-compliance-standards","https://holisticai.com/ai-system-testing","NAV","NAV","0","0","3/3","3/3","eliminated","943","8559","li","0"
"https://holisticai.com/blog/ai-governance-risk-compliance-standards","https://holisticai.com/blog/eu-ai-act-final-compromise-text","EDITORIAL","EDIT_INT","1","1","3/3","3/3","eliminated","943","8559","li","0"
"https://holisticai.com/blog/ai-governance-risk-compliance-standards","https://holisticai.com/blog/us-ai-training-act","EDITORIAL","EDIT_INT","1","1","3/3","3/3","eliminated","943","8559","li","0"
"https://holisticai.com/blog/ai-regulation-in-2026-navigating-an-uncertain-landscape","https://holisticai.com/ai-system-testing","NAV","NAV","0","0","3/3","3/3","eliminated","943","8559","li","0"
"https://holisticai.com/blog/brazil-ai-legislation-proposals","https://holisticai.com/blog/what-businesses-need-to-know-about-eu-ai-act","EDITORIAL","EDIT_INT","1","1","3/3","3/3","retained","600","7442","p","0"
"https://holisticai.com/blog/eu-ai-act","https://holisticai.com/ai-system-testing","NAV","NAV","0","0","3/3","3/3","eliminated","943","8559","li","0"
"https://holisticai.com/blog/eu-ai-act-in-effect-guide-for-global-enterprises","https://holisticai.com/ai-system-testing","NAV","NAV","0","0","3/3","3/3","eliminated","943","8559","li","0"
"https://holisticai.com/blog/existing-laws-apply-ai","https://holisticai.com/ai-system-testing","NAV","NAV","0","0","3/3","3/3","eliminated","943","8559","li","0"
"https://holisticai.com/blog/identify-high-risk-ai-systems-according-to-eu-ai-act","https://holisticai.com/ai-system-testing","NAV","NAV","0","0","3/3","3/3","eliminated","943","8559","li","0"
"https://holisticai.com/blog/need-for-risk-management-in-ai","https://holisticai.com/ai-system-testing","NAV","NAV","0","0","3/3","3/3","eliminated","943","8559","li","0"
"https://holisticai.com/blog/what-is-ethical-ai","https://holisticai.com/blog/implications-of-the-eu-ai-act-for-non-eu-leadership-teams","EDITORIAL","EDIT_INT","1","1","3/3","3/3","retained","600","7442","p","0"
"https://holisticai.com/eu-ai-act-prohibited-systems","https://holisticai.com/blog/eu-ai-act-in-effect-guide-for-global-enterprises","RECO","RECO","1","0","3/3","3/3","eliminated","943","8559","div","0"
"https://holisticai.com/eu-ai-act-risk-calculator","https://holisticai.com/blog/penalties-of-the-eu-ai-act","EDITORIAL","EDIT_INT","1","1","3/3","3/3","retained","600","7442","p","0"
"https://holisticai.com/news/nist-launches-ai-risk-management-framework-1-0","https://holisticai.com/blog/eu-ai-act","EDITORIAL","EDIT_INT","1","1","2/3","3/3","eliminated","943","8559","li","0"
"https://hortoninternational.com/the-eu-ai-act-leadership-guide-to-ethical-ai-governance","https://artificialintelligenceact.eu/","EDITORIAL","EDIT_EXT","1","1","3/3","3/3","retained","600","7442","p","1"
"https://hrdive.com/news/trump-rescinds-biden-era-ai-executive-order/737844","https://whitehouse.gov/presidential-actions/2025/01/initial-rescissions-of-harmful-executive-orders-and-actions","EDITORIAL","EDIT_EXT","1","1","3/3","3/3","retained","600","7442","span","1"
"https://hrw.org/news/2024/01/05/algorithms-too-few-people-are-talking-about","https://lawfaremedia.org/article/the-algorithms-too-few-people-are-talking-about","OTHER","X_OTHER","1","0","2/3","3/3","eliminated","943","8559","div","1"
"https://hsp.com/blog/the-eu-ai-act-understanding-the-worlds-strictest-ai-law","https://artificialintelligenceact.eu/","EDITORIAL","EDIT_EXT","1","1","3/3","3/3","retained","600","7442","p","1"
"https://huggingface.co/blog/eu-ai-act-for-oss-developers","https://crfm.stanford.edu/2024/08/01/eu-ai-act.html","EDITORIAL","EDIT_EXT","1","1","3/3","3/3","eliminated","943","8559","p","1"
"https://hvassallo.com/european-artificial-intelligence-act","https://artificialintelligenceact.eu/","EDITORIAL","EDIT_EXT","1","1","3/3","3/3","retained","600","7442","p","1"
"https://hyperproof.io/resource/ai-compliance-how-to-start","https://hyperproof.io/resource/how-to-prepare-for-the-eu-ai-act-chapter-5","EDITORIAL","EDIT_INT","1","1","3/3","3/3","retained","600","7442","p","0"
"https://hyperproof.io/ultimate-guide-to-the-eu-ai-act","https://hyperproof.io/resource/ai-compliance-how-to-start","RECO","RECO","1","0","3/3","3/3","eliminated","943","8559","div","0"
"https://hyperproof.io/ultimate-guide-to-the-eu-ai-act","https://hyperproof.io/resource/how-to-prepare-for-the-eu-ai-act-chapter-5","RECO","RECO","1","0","3/3","3/3","eliminated","943","8559","div","0"
"https://iapp.org/news/a/a-view-from-brussels-white-smoke-on-ai-omnibus-but-are-lessons-really-learned","https://iapp.org/news/a/meps-reach-preliminary-political-agreement-on-AI-omnibus","RECO","RECO","1","0","3/3","3/3","eliminated","943","8559","div","0"
"https://iapp.org/news/a/ai-act-eprivacy-directive-included-in-european-commission-s-consultation-on-digital-simplification","https://iapp.org/news/a/european-commission-holds-firm-on-ai-act-implementation-timeline","RECO","RECO","1","0","3/3","3/3","eliminated","943","8559","div","0"
"https://iapp.org/news/a/ai-act-omnibus-what-just-happened-and-what-comes-next","https://kaizenner.eu/post/ai-act-omnibus","EDITORIAL","EDIT_LIST","1","1","2/3","3/3","eliminated","943","8559","li","1"
"https://iapp.org/news/a/ai-act-omnibus-what-just-happened-and-what-comes-next","https://techlaw.ie/2026/03/articles/artificial-intelligence/eu-ai-act-timeline-update","EDITORIAL","EDIT_EXT","1","1","2/3","3/3","eliminated","943","8559","li","1"
"https://iapp.org/news/a/ai-and-digital-governance-platform-liability-laws-in-the-u-s","https://iapp.org/news/a/ai-and-digital-governance-exploring-platform-liability-laws-in-the-eu","EDITORIAL","EDIT_INT","1","1","3/3","3/3","eliminated","943","8559","div","0"
"https://iapp.org/news/a/contentious-areas-in-the-eu-ai-act-trilogues","https://creativecommons.org/2023/06/14/european-parliament-gives-green-light-to-ai-act-moving-eu-towards-finalizing-the-worlds-leading-regulation-of-ai","EDITORIAL","EDIT_EXT","1","1","3/3","3/3","retained","600","7442","p","1"
"https://iapp.org/news/a/contentious-areas-in-the-eu-ai-act-trilogues","https://digital-strategy.ec.europa.eu/en/policies/regulatory-framework-ai","EDITORIAL","EDIT_EXT","1","1","3/3","3/3","retained","600","7442","p","1"
"https://iapp.org/news/a/how-ostp-s-kratsios-views-future-of-us-ai-legislation-nist-s-role","https://iapp.org/news/a/white-house-unveils-ai-action-plan","EDITORIAL","EDIT_INT","1","1","3/3","3/3","retained","600","7442","p","0"
"https://iapp.org/news/a/notes-from-the-ai-governance-center-the-ai-policy-landscape-in-the-us-and-why-ai-governance-pros-are-key","https://cnn.com/2025/07/28/tech/china-global-ai-cooperation-organization-waic-hnk-spc","EDITORIAL","EDIT_EXT","1","1","3/3","3/3","eliminated","943","8559","p","1"
"https://iapp.org/news/a/transparency-good-data-and-documentation-how-hr-can-navigate-the-eu-ai-act","https://iapp.org/news/a/neurotechnologies-under-the-eu-ai-act-where-law-meets-science","RECO","RECO","1","0","3/3","3/3","eliminated","943","8559","div","0"
"https://iapp.org/news/a/us-senator-aims-to-advance-us-ai-leadership-with-sandbox-federal-regulatory-exemptions","https://iapp.org/news/a/white-house-unveils-ai-action-plan","EDITORIAL","EDIT_INT","1","1","3/3","3/3","retained","600","7442","p","0"
"https://iapp.org/news/a/why-targeted-ai-action-could-be-the-path-for-u-s-regulation","https://iapp.org/news/a/virginia-governor-vetoes-ai-bill","EDITORIAL","EDIT_INT","1","1","3/3","3/3","retained","600","7442","p","0"
"https://iapp.org/resources/article/eu-ai-act-cheat-sheet","https://iapp.org/resources/article/global-ai-governance-jurisdiction-overviews","RECO","RECO","1","0","3/3","3/3","eliminated","943","8559","div","0"
"https://iapp.org/resources/article/us-federal-ai-governance","https://ised-isde.canada.ca/site/innovation-better-canada/en/artificial-intelligence-and-data-act-aida-companion-document","EDITORIAL","EDIT_EXT","1","1","3/3","3/3","retained","600","7442","p","1"
"https://ibanet.org/G7-Hiroshima-Process-international-guiding-principles-for-developing-advanced-AI-systems-application-in-Japan","https://europarl.europa.eu/news/en/press-room/20231206IPR15699/artificial-intelligence-act-deal-on-comprehensive-rules-for-trustworthy-ai","EDITORIAL","REF_BIB","1","1","3/3","3/3","retained","600","7442","span","1"
"https://ibm.com/think/insights/10-ai-dangers-and-risks-and-how-to-manage-them","https://ibm.com/think/topics/ai-governance","EDITORIAL","EDIT_INT","1","1","2/3","3/3","eliminated","943","8559","li","0"
"https://ibm.com/think/insights/ai-privacy","https://ibm.com/think/topics/eu-ai-act","EDITORIAL","EDIT_INT","1","1","3/3","3/3","retained","600","7442","p","0"
"https://ibm.com/think/insights/democratizing-ai","https://ibm.com/think/insights/ai-privacy","EDITORIAL","EDIT_INT","1","1","3/3","3/3","retained","600","7442","p","0"
"https://icaew.com/insights/viewpoints-on-the-news/2024/jun-2024/european-union-launches-new-ai-office","https://ec.europa.eu/commission/presscorner/detail/en/ip_24_2982","EDITORIAL","EDIT_EXT","1","1","3/3","3/3","retained","600","7442","p","1"
"https://iccl.ie/news/ireland-unprepared-for-ai-act-implementation","https://iccl.ie/tag/european-commission","NAV","TAG","1","0","3/3","2/3","eliminated","943","8559","footer","0"
"https://iccl.ie/tag/european-commission","https://iccl.ie/news/ireland-unprepared-for-ai-act-implementation","RECO","RECO","0","0","3/3","2/3","eliminated","943","8559","div","0"
"https://ics.ie/2024/08/30/guide-to-ai-act-literacy-requirements","https://ai-act-law.eu/","EDITORIAL","EDIT_EXT","1","1","3/3","3/3","retained","600","7442","p","1"
"https://ie.edu/insights/articles/regulating-ai-without-strangling-innovation","https://cambridge.org/core/journals/cambridge-forum-on-ai-law-and-governance/article/navigating-chinas-regulatory-approach-to-generative-artificial-intelligence-and-large-language-models/969B2055997BF42DE693B7A1A1B4E8BA","EDITORIAL","EDIT_EXT","1","1","3/3","3/3","retained","600","7442","p","1"
"https://ieu-monitoring.com/editorial/eu-reaches-ai-act-omnibus-deal-to-simplify-high-risk-compliance-and-ban-nudification-apps/1193132","https://digital-strategy.ec.europa.eu/en/policies/regulatory-framework-ai","EDITORIAL","EDIT_EXT","1","1","3/3","3/3","retained","600","7442","p","1"
"https://ilgdenver.com/2025/07/navigating-colorados-new-artificial-intelligence-act-caia","https://kpmg.com/us/en/articles/2024/ai-regulation-colorado-artificial-intelligence-act-caia-reg-alert.html","EDITORIAL","NOMAJ","1","1","1/3","3/3","retained","600","7442","li","1"
"https://imagga.com/blog/from-illegal-to-harmful-what-the-dsa-ai-act-mean-for-content-moderation","https://artificialintelligenceact.eu/","EDITORIAL","EDIT_EXT","1","1","3/3","3/3","retained","600","7442","p","1"
"https://incident.io/blog/the-eu-ai-act-and-what-it-means-for-managing-incidents","https://artificialintelligenceact.eu/","EDITORIAL","EDIT_EXT","1","1","3/3","3/3","retained","600","7442","p","1"
"https://infosecurity-magazine.com/news-features/top-10-ai-security-stories-2023","https://infosecurity-magazine.com/news-features/adoption-generative-ai-accelerates","EDITORIAL","EDIT_INT","1","1","3/3","3/3","retained","600","7442","p","0"
"https://infosys.com/iki/perspectives/enterprise-response-strategy.html","https://europarl.europa.eu/topics/en/article/20230601STO93804/eu-ai-act-first-regulation-on-artificial-intelligence","EDITORIAL","EDIT_EXT","1","1","3/3","3/3","retained","600","7442","p","1"
"https://infosys.com/iki/podcasts/iki-articles/enterprise-response-strategy.html","https://infosys.com/iki/perspectives/enterprise-response-strategy.html","EDITORIAL","EDIT_INT","1","1","2/3","3/3","retained","600","7442","li","0"
"https://innobu.com/en/ai-regulatory-matrix.html","https://cencenelec.eu/news-events/news/2025/brief-news/2025-10-23-ai-standardization","RECO","RECO","1","0","2/3","3/3","retained","600","7442","div","1"
"https://insideprivacy.com/artificial-intelligence/eu-ai-act-update-timeline-relief-targeted-simplification-and-new-prohibitions","https://insideprivacy.com/author/mdrake","OTHER","META_BYLINE","0","0","3/3","3/3","eliminated","943","8559","span","0"
"https://insideprivacy.com/artificial-intelligence/european-commission-guidelines-on-the-definition-of-an-ai-system","https://digital-strategy.ec.europa.eu/en/library/commission-publishes-guidelines-ai-system-definition-facilitate-first-ai-acts-rules-application","EDITORIAL","EDIT_EXT","1","1","3/3","3/3","retained","600","7442","p","1"
"https://insideprivacy.com/artificial-intelligence/when-is-a-safety-component-of-radio-equipment-a-high-risk-ai-system-under-the-eu-artificial-intelligence-act","https://insideprivacy.com/artificial-intelligence/european-commission-guidelines-on-the-definition-of-an-ai-system","EDITORIAL","EDIT_INT","1","1","3/3","3/3","retained","600","7442","p","0"
"https://insideprivacy.com/author/mdrake","https://ec.europa.eu/commission/presscorner/detail/en/ip_24_383","EDITORIAL","EDIT_EXT","1","1","3/3","3/3","eliminated","943","8559","p","1"
"https://insights.tt-s.com/en/use-ai-compliantly-legal-challenges","https://ashurst.com/en/insights/ai-and-ip-copyright-the-wider-picture-and-practical-considerations-for-businesses","EDITORIAL","EDIT_EXT","1","1","3/3","3/3","retained","600","7442","p","1"
"https://institute.global/insights/tech-and-digitalisation/europe-in-the-age-of-ai-how-technology-leadership-can-boost-competitiveness-and-security","https://chathamhouse.org/2025/05/us-china-ai-race-forcing-countries-reconsider-who-owns-their-digital-infrastructure","EDITORIAL","EDIT_EXT","1","1","2/3","3/3","eliminated","943","8559","span","1"
"https://institute.global/insights/tech-and-digitalisation/getting-the-uks-legislative-strategy-for-ai-right","https://adalovelaceinstitute.org/report/under-the-radar","EDITORIAL","EDIT_EXT","1","1","2/3","3/3","eliminated","943","8559","span","1"
"https://institute.global/insights/tech-and-digitalisation/getting-the-uks-legislative-strategy-for-ai-right","https://governance.ai/research-paper/training-compute-thresholds-features-and-functions-in-ai-regulation","EDITORIAL","NOMAJ","1","1","1/3","3/3","eliminated","943","8559","span","1"
"https://institute.global/insights/tech-and-digitalisation/getting-the-uks-legislative-strategy-for-ai-right","https://institute.global/insights/tech-and-digitalisation/exploring-eu-uk-collaboration-on-ai-a-strategic-agenda","EDITORIAL","NOMAJ","1","1","1/3","3/3","eliminated","943","8559","span","0"
"https://institute.global/insights/tech-and-digitalisation/how-leaders-in-the-global-south-can-devise-ai-regulation-that-enables-innovation","https://brookings.edu/articles/ai-in-the-global-south-opportunities-and-challenges-towards-more-inclusive-governance","EDITORIAL","NOMAJ","1","1","1/3","3/3","eliminated","943","8559","span","1"
"https://institutmontaigne.org/en/expressions/us-foreign-policy-power-age-ai","https://justsecurity.org/119509/us-chinese-ai-playbooks","EDITORIAL","EDIT_EXT","1","1","3/3","3/3","eliminated","943","8559","p","1"
"https://integrityadvocate.com/resource-center/blog/the-eu-ai-act-gdpr-and-what-they-mean-for-online-proctoring-and-assessment-security","https://artificialintelligenceact.eu/","EDITORIAL","EDIT_EXT","1","1","3/3","3/3","eliminated","943","8559","strong","1"
"https://intelligence.dlapiper.com/artificial-intelligence?c=EU&t=01-law","https://intelligence.dlapiper.com/artificial-intelligence?c=EU&t=08-enforcement","NAV","TOC","0","0","2/3","3/3","eliminated","943","8559","li","0"
"https://intelligence.dlapiper.com/artificial-intelligence?c=GR&t=05-prohibited-activities","https://intelligence.dlapiper.com/artificial-intelligence?c=GR&t=03-appointed-supervisory-authority","NAV","NAV","0","0","2/3","2/3","eliminated","943","8559","li","0"
"https://intelligence.dlapiper.com/artificial-intelligence?c=GR&t=09-user-transparency","https://dlapiper.com/insights/publications/2023/09/ai-governance-balancing-policy-compliance-and-commercial-value","RECO","RECO","1","0","3/3","3/3","eliminated","943","8559","div","1"
"https://interact.oulu.fi/ai-reg","https://oulurepo.oulu.fi/handle/10024/50797","EDITORIAL","REF_BIB","1","1","2/3","3/3","retained","600","7442","li","1"
"https://inthesetimes.com/article/open-ai-serious-risks-trump-executive-order-state-regulation-of-artification-intelligence","https://politico.com/news/2025/05/12/how-big-tech-is-pitting-washington-against-california-00336484","EDITORIAL","EDIT_EXT","1","1","3/3","3/3","retained","600","7442","p","1"
"https://inthesetimes.com/article/open-ai-serious-risks-trump-executive-order-state-regulation-of-artification-intelligence","https://theconversation.com/whats-at-stake-in-trumps-executive-order-aiming-to-curb-state-level-ai-regulation-266668","OTHER","META_BOILER","1","0","2/3","2/3","eliminated","943","8559","p","1"
"https://introl.com/blog/federal-state-ai-law-showdown-trump-executive-order-2026","https://fpf.org/blog/californias-sb-53-the-first-frontier-ai-law-explained","EDITORIAL","REF_BIB","1","1","3/3","3/3","retained","600","7442","p","1"
"https://introl.com/blog/federal-state-ai-law-showdown-trump-executive-order-2026","https://gtlaw.com/en/insights/2025/12/2026-outlook-artificial-intelligence","EDITORIAL","REF_BIB","1","1","2/3","3/3","eliminated","943","8559","p","1"
"https://introl.com/blog/federal-state-ai-law-showdown-trump-executive-order-2026","https://thehill.com/policy/technology/5657624-5-key-ai-fights-to-watch-in-2026","EDITORIAL","REF_BIB","1","1","2/3","3/3","eliminated","943","8559","p","1"
"https://introl.com/blog/federal-state-ai-law-showdown-trump-executive-order-2026","https://yalejreg.com/nc/eliminating-state-law-obstruction-of-national-artificial-intelligence-policy-%E2%94%80-part-i","EDITORIAL","REF_BIB","1","1","2/3","3/3","retained","600","7442","p","1"
"https://intrvio.com/eu-ai-act-compliance","https://hunton.com/insights/legal/the-impact-of-the-eu-ai-act-on-human-resources-activities","EDITORIAL","REF_BIB","1","1","3/3","3/3","retained","600","7442","li","1"
"https://intuitionlabs.ai/articles/ai-adoption-life-sciences-barriers","https://ema.europa.eu/en/news/ema-fda-set-common-principles-ai-medicine-development-0","EDITORIAL","EDIT_EXT","1","1","3/3","3/3","retained","600","7442","p","1"
"https://intuitionlabs.ai/articles/eu-ai-act-pharma-compliance","https://dlapiper.com/en/insights/blogs/cortex-life-sciences-insights/2025/digital-omnibus-and-ai-act-updates-key-implications-for-medtech","OTHER","X_OTHER","1","0","2/3","3/3","eliminated","943","8559","li","1"
"https://intuitionlabs.ai/articles/eu-ai-act-pharma-compliance","https://iqvia.com/locations/emea/blogs/2024/10/eu-ai-act-heres-how-this-will-affect-your-organisation","EDITORIAL","NOMAJ","1","1","1/3","3/3","retained","600","7442","p","1"
"https://intuitionlabs.ai/articles/eu-ai-act-pharma-compliance","https://mofo.com/resources/insights/251201-eu-digital-omnibus","OTHER","X_OTHER","1","0","2/3","3/3","retained","600","7442","p","1"
"https://irecs.eu/how-the-eu-ai-act-could-guide-the-ethics-of-ai-research","https://journals.sagepub.com/doi/10.1177/17470161231220946","EDITORIAL","EDIT_EXT","1","1","3/3","3/3","retained","600","7442","p","1"
"https://isaca.org/resources/news-and-trends/isaca-now-blog/2024/the-eu-ai-act-is-here-what-you-need-to-know-and-do","https://isaca.org/resources/news-and-trends/isaca-now-blog/2024/european-union-artificial-intelligence-act-an-auditors-perspective","RECO","RECO","1","0","3/3","3/3","retained","600","7442","div","0"
"https://isaca.org/resources/news-and-trends/isaca-now-blog/2026/navigating-global-ai-governance-privacy-implications-in-eu-and-china-frameworks","https://eur-lex.europa.eu/eli/reg/2024/1689/oj/eng","EDITORIAL","EDIT_EXT","1","1","3/3","3/3","retained","600","7442","p","1"
"https://isms.online/frameworks/iso-42001/when-iso-42001-certification-is-required","https://dekra.com/en/the-european-ai-act-iso-42001-2023-certification","EDITORIAL","EDIT_EXT","1","1","3/3","3/3","retained","600","7442","p","1"
"https://it.nc.gov/resources/artificial-intelligence/use-publicly-available-generative-ai","https://it.nc.gov/resources/artificial-intelligence/principles-responsible-use-ai","NAV","NAV","0","0","3/3","2/3","eliminated","943","8559","li","0"
"https://itif.org/publications/2026/05/08/foreign-regulations-undermining-competitiveness-benefiting-china","https://artificialintelligenceact.eu/","EDITORIAL","EDIT_EXT","1","1","3/3","3/3","retained","600","7442","p","1"
"https://jaag.org.uk/what-is-the-eu-ai-act","https://accessnow.org/press-release/ai-act-failure-for-human-rights-victory-for-industry-and-law-enforcement","","NOMAJ","1","0","1/3","3/3","eliminated","943","8559","p","1"
"https://jdsupra.com/legalnews/ai-enforcement-accelerates-as-federal-4525067","https://morganlewis.com/pubs/2026/04/ai-enforcement-accelerates-as-federal-policy-stalls-and-states-step-in","EDITORIAL","EDIT_EXT","1","1","2/3","3/3","retained","600","7442","p","1"
"https://jdsupra.com/legalnews/ai-watch-global-regulatory-tracker-5507665","https://whitecase.com/insight-our-thinking/ai-watch-global-regulatory-tracker-italy","EDITORIAL","EDIT_EXT","1","1","3/3","3/3","retained","600","7442","p","1"
"https://jdsupra.com/legalnews/proposed-state-ai-law-update-february-1129313","https://axios.com/2026/02/15/white-house-utah-ai-transparency-bill","EDITORIAL","EDIT_EXT","1","1","3/3","3/3","retained","600","7442","p","1"
"https://jdsupra.com/legalnews/ready-set-regulate-ireland-s-new-3355016","https://technologyslegaledge.com/2025/09/ready-set-regulate-irelands-new-national-ai-office-and-competent-authorities","EDITORIAL","EDIT_EXT","1","1","2/3","2/3","retained","600","7442","p","1"
"https://jdsupra.com/legalnews/state-ai-laws-where-are-they-now-1521357","https://cooley.com/news/insight/2026/2026-04-24-state-ai-laws-where-are-they-now","EDITORIAL","EDIT_EXT","1","1","3/3","2/3","retained","600","7442","p","1"
"https://jdsupra.com/legalnews/the-ai-regulation-landscape-for-2026-7255123","https://cimplifi.com/resources/the-ai-regulation-landscape-for-2026-what-legal-and-compliance-leaders-need-to-know","EDITORIAL","NOMAJ","1","1","1/3","2/3","retained","600","7442","p","1"
"https://jdsupra.com/legalnews/the-updated-state-of-ai-regulations-for-7595032","https://cimplifi.com/resources/the-updated-state-of-ai-regulations-for-2025","EDITORIAL","EDIT_EXT","1","1","3/3","2/3","retained","600","7442","p","1"
"https://jeremierostan.substack.com/p/the-eu-ai-act-and-what-it-means-for","https://digital-strategy.ec.europa.eu/en/policies/regulatory-framework-ai","EDITORIAL","EDIT_EXT","1","1","3/3","3/3","retained","600","7442","p","1"
"https://jipel.law.nyu.edu/beyond-privacy-regulating-chatgpt-for-young-adults-in-educational-contexts","https://reuters.com/technology/artificial-intelligence/trump-revokes-biden-executive-order-addressing-ai-risks-2025-01-21","EDITORIAL","REF_BIB","1","1","3/3","3/3","eliminated","943","8559","li","1"
"https://jonesday.com/en/insights/2026/01/european-commission-publishes-draft-code-of-practice-on-ai-labelling-and-transparency","https://eur-lex.europa.eu/eli/reg/2024/1689/oj/eng","EDITORIAL","EDIT_EXT","1","1","3/3","3/3","retained","600","7442","p","1"
"https://joneswalker.com/en/insights/blogs/ai-law-blog/the-regulatory-tide-goes-out-what-global-ai-governance-retrenchment-means-for-or.html","https://ised-isde.canada.ca/site/innovation-better-canada/en/artificial-intelligence-and-data-act-aida-companion-document","EDITORIAL","EDIT_EXT","1","1","3/3","3/3","retained","600","7442","p","1"
"https://journals.co.za/doi/10.10520/ejc-adminpub_v32_n1_a3","https://ised-isde.canada.ca/site/innovation-better-canada/en/artificial-intelligence-and-data-act-aida-companion-document","EDITORIAL","REF_BIB","1","1","3/3","3/3","retained","600","7442","p","1"
"https://journals.library.columbia.edu/index.php/stlr/blog/view/654","https://reuters.com/legal/legalindustry/comparing-eu-us-ai-legislation-dj-vu-2020-2024-10-21","EDITORIAL","EDIT_EXT","1","1","3/3","3/3","retained","600","7442","p","1"
"https://journals.sagepub.com/doi/10.1177/10245294231218335","https://nytimes.com/2023/03/31/technology/chatgpt-italy-ban.html","EDITORIAL","REF_BIB","1","1","3/3","3/3","retained","600","7442","div","1"
"https://justsecurity.org/85810/digital-privacy-legislation-is-civil-rights-legislation","https://aclu.org/news/racial-justice/the-federal-government-should-not-waste-the-opportunity-to-address-algorithmic-discrimination","EDITORIAL","EDIT_EXT","1","1","3/3","3/3","retained","600","7442","p","1"
"https://justsecurity.org/90757/its-not-just-technology-what-it-means-to-be-a-global-leader-in-ai","https://nytimes.com/2023/07/21/technology/ai-united-states-regulation.html","EDITORIAL","EDIT_EXT","1","1","3/3","3/3","retained","600","7442","p","1"
"https://kaizenner.eu/post/implementation-timeline","https://digital-strategy.ec.europa.eu/en/events/1st-european-ai-office-webinar-risk-management-logic-ai-act-and-related-standards","EDITORIAL","EDIT_EXT","1","1","3/3","3/3","retained","600","7442","span","1"
"https://kas.de/en/web/medien-europa/single-title/-/content/ai-could-be-a-game-changer-for-strengthening-europe-s-security-says-bulgarian-mep-eva-maydell","https://europarl.europa.eu/news/en/press-room/20240308IPR19015/artificial-intelligence-act-meps-adopt-landmark-law","EDITORIAL","EDIT_EXT","1","1","3/3","3/3","eliminated","943","8559","strong","1"
"https://kingandwood.com/hk/en/insights/latest-thinking/gen-ai-guide-for-financial-institutions.html","https://artificialintelligenceact.eu/","EDITORIAL","EDIT_EXT","1","1","2/3","3/3","retained","600","7442","p","1"
"https://kirkland.com/publications/article/2025/03/considering-the-future-of-ai-regulation-on-health-sector","https://whitehouse.gov/fact-sheets/2025/01/fact-sheet-president-donald-j-trump-takes-action-to-enhance-americas-ai-leadership","EDITORIAL","REF_BIB","1","1","2/3","3/3","retained","600","7442","p","1"
"https://kitchener.citynews.ca/2023/11/22/what-the-events-leading-up-to-sam-altmans-reinstatement-at-openai-mean-for-the-industrys-future","https://apnews.com/article/biden-ai-artificial-intelligence-executive-order-cb86162000d894f238f28ac029005059","EDITORIAL","EDIT_EXT","1","1","3/3","3/3","retained","600","7442","p","1"
"https://knowledge.dlapiper.com/dlapiperknowledge/globalemploymentlatestdevelopments/2023/comparing-the-US-AI-Executive-Order-and-the-EU-AI-Act.html","https://knowledge.dlapiper.com/dlapiperknowledge/globalemploymentlatestdevelopments/2026/California-Governor-issued-Executive-Order-on-AI-workforce-disruption","RECO","RECO","1","0","3/3","3/3","eliminated","943","8559","div","0"
"https://knowledge.dlapiper.com/dlapiperknowledge/globalemploymentlatestdevelopments/2023/comparing-the-US-AI-Executive-Order-and-the-EU-AI-Act.html","https://knowledge.dlapiper.com/dlapiperknowledge/globalemploymentlatestdevelopments/2026/US-federal-white-house-releases-the-national-policy-framework-for-artificial-intelligence","RECO","RECO","1","0","3/3","3/3","eliminated","943","8559","div","0"
"https://knowledge.dlapiper.com/dlapiperknowledge/globalemploymentlatestdevelopments/2024/german-government-provides-information-on-its-plans-for-ai-and-employee-protection.html","https://knowledge.dlapiper.com/dlapiperknowledge/globalemploymentlatestdevelopments/2026/US-federal-white-house-releases-the-national-policy-framework-for-artificial-intelligence","RECO","RECO","1","0","3/3","3/3","eliminated","943","8559","div","0"
"https://koailaw.com/and-without-implementing-ai-successfully-you-will-be-replaced","https://koailaw.com/blog","NAV","NAV","0","0","3/3","3/3","eliminated","943","8559","li","0"
"https://konghq.com/blog/learning-center/what-is-ai-governance","https://artificial-intelligence-act.com/","EDITORIAL","EDIT_EXT","1","1","3/3","3/3","eliminated","943","8559","li","1"
"https://laist.com/news/politics/californias-big-ai-regulation-bill-will-likely-head-to-gov-gavin-newsoms-desk","https://calmatters.org/economy/technology/2024/08/ai-regulation-showdown","EDITORIAL","EDIT_EXT","1","1","3/3","3/3","retained","600","7442","p","1"
"https://lathamreg.com/2025/12/ai-executive-order-targets-state-laws-and-seeks-uniform-federal-standards","https://lw.com/en/insights/ai-executive-order-targets-state-laws-and-seeks-uniform-federal-standards","EDITORIAL","EDIT_EXT","1","1","3/3","2/3","retained","600","7442","p","1"
"https://lathropgpm.com/insights/ai-privacy-laws-are-changing-fast-are-your-websites-mobile-apps-and-contracts-keeping-up","https://digital-strategy.ec.europa.eu/en/policies/regulatory-framework-ai","EDITORIAL","EDIT_EXT","1","1","3/3","3/3","retained","600","7442","p","1"
"https://latimes.com/business/story/2024-11-06/harris-trump-won-heres-what-that-could-mean-for-big-tech","https://latimes.com/entertainment-arts/business/story/2024-09-29/gov-gavin-newsom-vetoes-ai-safety-bill-scott-wiener-sb1047","EDITORIAL","EDIT_INT","1","1","3/3","3/3","retained","600","7442","p","0"
"https://latimes.com/business/story/2025-12-12/trump-signs-order-that-will-limit-ai-regulations-in-california","https://latimes.com/business/story/2026-05-22/trump-calls-off-ai-executive-order-over-concern-it-could-weaken-u-s-tech-edge","RECO","RECO","1","0","3/3","3/3","eliminated","943","8559","div","0"
"https://latimes.com/entertainment-arts/business/story/2024-09-29/gov-gavin-newsom-vetoes-ai-safety-bill-scott-wiener-sb1047","https://latimes.com/business/story/2026-03-20/white-house-moves-to-strip-california-other-states-of-ai-regulation-power","RECO","RECO","1","0","3/3","3/3","eliminated","943","8559","div","0"
"https://law-ai.org/advanced-ai-gov-litrev","https://law-ai.org/advanced-ai-gov-concepts","RECO","RECO","1","0","3/3","3/3","eliminated","943","8559","div","0"
"https://law-ai.org/ai-preemption-and-generally-applicable-laws","https://law-ai.org/the-ai-moratorium-more-deobligation-issues","RECO","RECO","1","0","3/3","2/3","eliminated","943","8559","div","0"
"https://law-ai.org/announcing-the-cambridge-commentary","https://law-ai.org/the-case-for-ai-liability","RECO","RECO","1","0","3/3","3/3","eliminated","943","8559","div","0"
"https://law-ai.org/balancing-safety-and-privacy-regulatory-models-for-ai-misuse","https://law-ai.org/the-ai-moratorium-more-deobligation-issues","RECO","RECO","1","0","3/3","3/3","eliminated","943","8559","div","0"
"https://law-ai.org/chips-for-peace","https://law-ai.org/legal-issues-raised-by-the-proposed-executive-order-on-ai-preemption","RECO","RECO","1","0","3/3","3/3","eliminated","943","8559","div","0"
"https://law-ai.org/legal-obstacles-to-implementation-of-the-ai-executive-order","https://law-ai.org/ai-preemption-and-generally-applicable-laws","RECO","RECO","1","0","3/3","3/3","eliminated","943","8559","div","0"
"https://law-ai.org/the-ai-moratorium-more-deobligation-issues","https://law-ai.org/balancing-safety-and-privacy-regulatory-models-for-ai-misuse","RECO","RECO","1","0","3/3","3/3","eliminated","943","8559","div","0"
"https://law-ai.org/the-case-for-ai-liability","https://ai-frontiers.org/articles/options-for-ai-liability","EDITORIAL","EDIT_EXT","1","1","3/3","3/3","retained","600","7442","p","1"
"https://law-ai.org/the-role-of-compute-thresholds-for-ai-governance","https://law-ai.org/frontier-model-definitions","RECO","RECO","1","0","3/3","2/3","eliminated","943","8559","div","0"
"https://law-ai.org/the-role-of-compute-thresholds-for-ai-governance","https://law-ai.org/law-following-ai","RECO","RECO","1","0","3/3","3/3","eliminated","943","8559","div","0"
"https://law-ai.org/the-role-of-compute-thresholds-for-ai-governance","https://law-ai.org/mapping-ai-policy-where-why-and-how-to-intervene","RECO","RECO","1","0","3/3","3/3","eliminated","943","8559","div","0"
"https://law-ai.org/xais-challenge-to-californias-ai-training-data-transparency-law-ab2013","https://law-ai.org/ai-preemption-and-generally-applicable-laws","RECO","RECO","1","0","3/3","3/3","eliminated","943","8559","div","0"
"https://law.georgetown.edu/environmental-law-review/blog/generative-ais-other-environmental-problem","https://congress.gov/crs-product/R48555","EDITORIAL","REF_BIB","1","1","2/3","3/3","retained","600","7442","p","1"
"https://law.kuleuven.be/ai-summer-school/blogpost/ai-sandboxes-between-promises-and-perils","https://eur-lex.europa.eu/eli/reg/2024/1689/oj/eng","EDITORIAL","EDIT_EXT","1","1","3/3","3/3","retained","600","7442","p","1"
"https://law.kuleuven.be/citip/blog/ai-in-the-media-sector-is-the-eu-regulation-meeting-the-needs-of-media-organizations","https://papers.ssrn.com/sol3/papers.cfm?abstract_id=4865427","EDITORIAL","EDIT_EXT","1","1","3/3","3/3","retained","600","7442","p","1"
"https://law.lu.se/eduardo-gill-pedro/publication/e7e6be85-c198-4c8c-ba0a-6c6ae482a306","https://ejlt.org/index.php/ejlt/article/view/1065","OTHER","NOMAJ","1","0","1/3","2/3","eliminated","943","8559","li","1"
"https://lawfaremedia.org/article/a-framework-to-govern-ai-innovation","https://techpolicy.press/in-delaying-its-ai-law-colorado-shows-tech-lobbys-power-in-state-politics","EDITORIAL","EDIT_EXT","1","1","3/3","3/3","retained","600","7442","p","1"
"https://lawfaremedia.org/article/ai-governance-by-phone-call","https://politico.com/news/2026/05/21/white-house-postpones-ai-executive-order-signing-00931904","EDITORIAL","EDIT_EXT","1","1","3/3","3/3","retained","600","7442","p","1"
"https://lawfaremedia.org/article/how-the-executive-branch-is-reshaping-ai-federalism","https://whitehouse.gov/releases/2026/03/president-donald-j-trump-unveils-national-ai-legislative-framework","EDITORIAL","EDIT_EXT","1","1","3/3","3/3","retained","600","7442","p","1"
"https://lawfaremedia.org/article/the-ai-preemption-executive-order-s-bead-strategy-faces-steep-legal-hurdles","https://lawfaremedia.org/article/ai-governance-by-phone-call","RECO","RECO","1","0","3/3","3/3","eliminated","943","8559","h3","0"
"https://lawgazette.com.sg/feature/can-and-should-we-rein-in-ai-with-law","https://reuters.com/technology/eu-lawmakers-committee-reaches-deal-artificial-intelligence-act-2023-04-27","EDITORIAL","REF_BIB","1","1","3/3","3/3","retained","600","7442","span","1"
"https://lawreview.uchicago.edu/online-archive/automation-rights-how-rationally-design-humans-out-loop-law","https://papers.ssrn.com/sol3/papers.cfm?abstract_id=4338862","EDITORIAL","EDIT_EXT","1","1","3/3","3/3","retained","600","7442","p","1"
"https://lawsociety.ie/gazette/top-stories/2026/feb/ai-office-will-be-statutory-independent-body","https://williamfry.com/knowledge/ireland-unveils-ai-enforcement-blueprint-key-business-impacts-for-2026","EDITORIAL","EDIT_EXT","1","1","3/3","3/3","retained","600","7442","p","1"
"https://leanix.net/en/wiki/ai-governance","https://leanix.net/en/blog/eu-ai-act","RECO","RECO","1","0","3/3","3/3","eliminated","943","8559","h4","0"
"https://legalblogs.wolterskluwer.com/copyright-blog/axel-voss-good-intention-the-european-parliament-adopts-report-to-recalibrate-eu-copyright-for-generative-ai","https://legalblogs.wolterskluwer.com/copyright-blog/generative-ai-digital-constitutionalism-and-copyright-towards-a-statutory-remuneration-right-grounded-in-fundamental-rights-part-1","EDITORIAL","EDIT_INT","1","1","2/3","3/3","retained","600","7442","p","0"
"https://legalblogs.wolterskluwer.com/global-workplace-law-and-policy/ai-act-and-machinery-regulation-what-changes-for-the-safety-of-work-equipment","https://eur-lex.europa.eu/eli/reg/2024/1689/oj/eng","EDITORIAL","EDIT_EXT","1","1","3/3","3/3","retained","600","7442","p","1"
"https://legalblogs.wolterskluwer.com/global-workplace-law-and-policy/regulating-algorithmic-management-in-the-platform-work-directive-correcting-risky-deviations","https://journals.sagepub.com/doi/10.1177/20319525231167983","EDITORIAL","EDIT_EXT","1","1","3/3","3/3","retained","600","7442","p","1"
"https://lewissilkin.com/insights/2026/04/16/eu-artificial-intelligence-act-timeline","https://lewissilkin.com/en/insights/2024/09/25/ed-eu-ai-act101-an-in-depth-analysis-of-europes-ai-regulatory-framework","EDITORIAL","EDIT_INT","1","1","3/3","3/3","retained","600","7442","p","0"
"https://lexology.com/library/detail.aspx?g=2319e829-f30f-4439-8e19-1409e79b7f76","https://lexology.com/library/detail.aspx?g=cee36e99-b6a9-41be-b4a5-b04cf864685f","EDITORIAL","EDIT_INT","1","1","3/3","3/3","retained","600","7442","p","0"
"https://lexology.com/library/detail.aspx?g=830fe1e2-2fe4-4065-b5a9-a97175f1672f","https://ised-isde.canada.ca/site/innovation-better-canada/en/artificial-intelligence-and-data-act-aida-companion-document","EDITORIAL","EDIT_EXT","1","1","3/3","3/3","retained","600","7442","p","1"
"https://libraryguides.law.uic.edu/c.php?g=1431863&p=11078804","https://artificialintelligenceact.eu/","EDITORIAL","EDIT_EXT","1","1","2/3","3/3","eliminated","943","8559","p","1"
"https://lifelabslearning.com/blog/embracing-ai-in-hr-practical-strategies-for-ethical-fair-and-impactful-implementation","https://artificialintelligenceact.eu/","EDITORIAL","EDIT_EXT","1","1","3/3","3/3","retained","600","7442","p","1"
"https://link.springer.com/article/10.1007/s00146-026-02914-0","https://europarl.europa.eu/thinktank/en/document/EPRS_BRI(2021)698792","EDITORIAL","REF_BIB","1","1","3/3","3/3","retained","600","7442","p","1"
"https://link.springer.com/article/10.1007/s12525-025-00870-z","https://cepa.org/article/burying-the-brussels-effect-ai-act-inspires-few-copycats","EDITORIAL","REF_BIB","1","1","3/3","3/3","retained","600","7442","p","1"
"https://link.springer.com/article/10.1007/s43681-024-00481-y","https://nytimes.com/2023/05/30/technology/ai-threat-warning.html","EDITORIAL","REF_BIB","1","1","3/3","3/3","retained","600","7442","p","1"
"https://link.springer.com/article/10.1007/s43681-024-00574-8","https://brookings.edu/articles/will-the-white-house-ai-executive-order-deliver-on-its-promises","EDITORIAL","REF_BIB","1","1","3/3","3/3","retained","600","7442","p","1"
"https://link.springer.com/article/10.1007/s43681-024-00574-8","https://europarl.europa.eu/news/en/press-room/20231206IPR15699/artificial-intelligence-act-deal-on-comprehensive-rules-for-trustworthy-ai","EDITORIAL","REF_BIB","1","1","3/3","3/3","retained","600","7442","p","1"
"https://link.springer.com/article/10.1007/s43681-024-00574-8","https://scientificamerican.com/article/bidens-executive-order-on-ai-is-a-good-start-experts-say-but-not-enough","EDITORIAL","REF_BIB","1","1","3/3","3/3","retained","600","7442","p","1"
"https://link.springer.com/article/10.1007/s43681-024-00635-y","https://csis.org/analysis/japans-approach-ai-regulation-and-its-impact-2023-g7-presidency","EDITORIAL","REF_BIB","1","1","3/3","3/3","retained","600","7442","p","1"
"https://link.springer.com/chapter/10.1007/978-3-032-11108-1_15","https://iapp.org/news/a/european-commission-holds-firm-on-ai-act-implementation-timeline","EDITORIAL","REF_BIB","1","1","3/3","3/3","eliminated","943","8559","p","1"
"https://littler.com/news-analysis/asap/colorados-landmark-ai-legislation-would-create-significant-compliance-burden","https://littler.com/news-analysis/asap/lawmakers-tee-colorado-ai-act-scaling-back-upcoming-legislative-session","EDITORIAL","EDIT_INT","1","1","3/3","3/3","eliminated","943","8559","p","0"
"https://living-in.eu/news/implementing-ai-public-administrations-cities-and-regions-have-their-say-eu-apply-ai-strategy","https://cor.europa.eu/en/our-work/opinions/cdr-1594-2024","EDITORIAL","EDIT_EXT","1","1","3/3","3/3","retained","600","7442","p","1"
"https://lsuite.co/blog/ai-shaping-legal-department","https://whitecase.com/insight-our-thinking/ai-watch-global-regulatory-tracker-united-states","EDITORIAL","EDIT_EXT","1","1","3/3","3/3","retained","600","7442","p","1"
"https://lumenova.ai/blog/ai-governance-frameworks-nist-rmf-vs-eu-ai-act-vs-internal","https://lumenova.ai/generative-ai","NAV","NAV","0","0","3/3","3/3","eliminated","943","8559","li","0"
"https://luxembourg.representation.ec.europa.eu/actualites-et-evenements/actualites/european-artificial-intelligence-act-comes-force-2024-08-01_en","https://ec.europa.eu/commission/presscorner/detail/en/ip_24_2982","EDITORIAL","EDIT_EXT","1","1","3/3","3/3","retained","600","7442","p","1"
"https://lw.com/en/insights/charting-the-future-regulatory-milestones-opportunities-in-ai-online-safety-cybersecurity-eu-uk","https://lw.com/en/insights/eu-ai-act-published-a-new-era-for-ai-regulation-begins","EDITORIAL","EDIT_INT","1","1","3/3","3/3","retained","600","7442","p","0"
"https://manatt.com/insights/newsletters/client-alert/eu-ai-act-what-it-means-for-u-s-companies","https://digital-strategy.ec.europa.eu/en/policies/regulatory-framework-ai","EDITORIAL","EDIT_EXT","1","1","3/3","3/3","retained","600","7442","p","1"
"https://manatt.com/insights/newsletters/client-alert/eu-ai-act-what-it-means-for-u-s-companies","https://ec.europa.eu/commission/presscorner/detail/en/ip_23_6473","EDITORIAL","EDIT_EXT","1","1","3/3","3/3","eliminated","943","8559","p","1"
"https://mariothomas.com/blog/eu-gpai-code-board-strategy","https://politico.eu/article/top-european-ceos-plead-for-pause-in-ai-act","EDITORIAL","EDIT_EXT","1","1","3/3","3/3","retained","600","7442","p","1"
"https://masterofsomething.com/news/ai-regulation-map-2026","https://cooley.com/news/insight/2026/2026-04-24-state-ai-laws-where-are-they-now","","NOMAJ","1","0","1/3","3/3","eliminated","943","8559","li","1"
"https://masterofsomething.com/news/ai-regulation-map-2026","https://ropesgray.com/en/insights/alerts/2026/03/the-white-house-legislative-recommendations-national-policy-framework-for-artificial-intelligence-an","EDITORIAL","NOMAJ","1","1","1/3","3/3","eliminated","943","8559","li","1"
"https://mayerbrown.com/en/insights/publications/2024/09/california-passes-new-generative-artificial-intelligence-law-requiring-disclosure-of-training-data","https://mayerbrown.com/en/insights/publications/2024/06/colorado-governor-signs-comprehensive-ai-bill","EDITORIAL","EDIT_INT","1","1","3/3","3/3","retained","600","7442","li","0"
"https://mayerbrown.com/en/insights/publications/2024/09/new-california-law-will-require-ai-transparency-and-disclosure-measures","https://mayerbrown.com/en/insights/publications/2024/06/colorado-governor-signs-comprehensive-ai-bill","EDITORIAL","EDIT_INT","1","1","3/3","3/3","retained","600","7442","p","0"
"https://mayerbrown.com/en/insights/publications/2026/01/global-privacy-watchlist","https://mayerbrown.com/en/insights/publications/2025/10/artificial-intelligence-provisions-in-technology-contracting-keeping-up-with-the-evolving-regulatory-landscape","RECO","RECO","1","0","3/3","3/3","eliminated","943","8559","div","0"
"https://mayerbrown.com/en/insights/publications/2026/03/trump-administration-issues-legislative-recommendations-for-a-federal-artificial-intelligence-framework","https://mayerbrown.com/en/insights/publications/2025/12/president-trump-issues-executive-order-on-ensuring-a-national-policy-framework-for-artificial-intelligence","EDITORIAL","EDIT_INT","1","1","3/3","3/3","eliminated","943","8559","em","0"
"https://medium.com/@experiential.ai/recap-ai-needs-to-earn-our-trust-emilia-gomez-on-creating-a-regulatory-framework-126d589f4709","https://artificialintelligenceact.eu/","EDITORIAL","EDIT_EXT","1","1","3/3","3/3","eliminated","943","8559","p","1"
"https://medium.com/statute-circuit/the-definitional-loopholes-that-could-let-advanced-ai-escape-regulation-76eee9933fd8","https://insideprivacy.com/artificial-intelligence/european-commission-guidelines-on-the-definition-of-an-ai-system","EDITORIAL","EDIT_EXT","1","1","3/3","3/3","retained","600","7442","p","1"
"https://mhc.ie/practice-areas/artificial-intelligence-ai","https://mhc.ie/hubs/the-eu-artificial-intelligence-act/eu-ai-act-who-is-affected","NAV","NAV","1","0","3/3","3/3","eliminated","943","8559","li","0"
"https://michalsons.com/blog/eu-ai-act-case-studies/66422","https://michalsons.com/blog/classification-of-ai-systems-under-the-eu-ai-act/65375","RECO","RECO","1","0","3/3","3/3","eliminated","943","8559","li","0"
"https://michalsons.com/blog/gpai-laws-under-the-eu-ai-act-effective-from-august-2025/79421","https://artificialintelligenceact.eu/gpai-guidelines-overview","EDITORIAL","EDIT_LIST","1","1","2/3","3/3","retained","600","7442","li","1"
"https://milkeninstitute.org/content-hub/collections/articles/tech-regulation-digest-global-powers-move-regulate-ai","https://axios.com/2023/05/08/china-ai-regulation-race","EDITORIAL","EDIT_EXT","1","1","2/3","3/3","retained","600","7442","p","1"
"https://mintz.com/insights-center/viewpoints/54731/2026-01-13-nist-expands-federal-ai-capacity-florida-proposes-ai","https://mintz.com/insights-center/viewpoints/54731/2025-12-18-federal-takeover-ai-governance-breaking-down-white","EDITORIAL","EDIT_INT","1","1","3/3","3/3","retained","600","7442","li","0"
"https://mishcon.com/news/addressing-bias-in-ai-systems-through-the-ai-act","https://mishcon.com/news/eu-ai-act-simplified-unpacking-the-ai-omnibus-agreement-of-may-2026","RECO","RECO","1","0","3/3","3/3","eliminated","943","8559","div","0"
"https://mishcon.com/news/are-you-a-provider-or-deployer-of-an-ai-system-under-the-eu-ai-act","https://mishcon.com/news/eu-ai-act-simplified-unpacking-the-ai-omnibus-agreement-of-may-2026","RECO","RECO","1","0","3/3","3/3","eliminated","943","8559","div","0"
"https://mitratech.com/resource-hub/blog/the-european-union-artificial-intelligence-act-and-its-tprm-impact","https://cnbc.com/2024/03/13/european-lawmakers-endorse-worlds-first-major-act-to-regulate-ai.html","EDITORIAL","EDIT_EXT","1","1","3/3","3/3","retained","600","7442","p","1"
"https://modelop.com/ai-governance/ai-regulations-standards/nist-vs-gdpr","https://modelop.com/ai-governance/ai-principles-and-best-practices","NAV","NAV","1","0","3/3","2/3","eliminated","943","8559","div","0"
"https://modelop.com/ai-governance/ai-regulations-standards/nist-vs-gdpr","https://modelop.com/ai-governance/ai-regulations-standards","NAV","NAV","0","0","2/3","3/3","eliminated","943","8559","div","0"
"https://modelop.com/good-decisions-series/good-decisions-ep2","https://modelop.com/ai-governance","NAV","NAV","1","0","3/3","3/3","eliminated","943","8559","div","0"
"https://modelop.com/good-decisions-series/good-decisions-ep2","https://modelop.com/ai-governance/ai-regulations-standards/iso-eic-42001","NAV","NAV","1","0","3/3","3/3","eliminated","943","8559","div","0"
"https://modulos.ai/blog/ai-compliance-guide","https://modulos.ai/industries/financial-services","NAV","NAV","0","0","3/3","3/3","eliminated","943","8559","li","0"
"https://modulos.ai/blog/eu-ai-act-compliance-requirements-scoping","https://sciencebusiness.net/news/ai/eu-losing-narrative-battle-over-ai-act-says-un-adviser","EDITORIAL","REF_BIB","1","1","2/3","3/3","retained","600","7442","p","1"
"https://mofo.com/resources/insights/240723-european-digital-compliance-key-digital-regulation","https://publications.parliament.uk/pa/cm5804/cmselect/cmsctech/38/report.html","EDITORIAL","EDIT_EXT","1","1","3/3","3/3","retained","600","7442","p","1"
"https://mofo.com/resources/insights/250109-outlook-dhs-framework-ai","https://digital-strategy.ec.europa.eu/en/policies/regulatory-framework-ai","EDITORIAL","EDIT_EXT","1","1","3/3","3/3","retained","600","7442","p","1"
"https://multistate.ai/updates/vol-35","https://ag.ny.gov/symposium-report-next-decade-ai","EDITORIAL","EDIT_EXT","1","1","3/3","3/3","retained","600","7442","p","1"
"https://multistate.us/insider/2025/12/19/how-trumps-ai-executive-order-will-impact-states","https://multistate.ai/artificial-intelligence-ai-legislation","EDITORIAL","EDIT_EXT","1","1","3/3","3/3","retained","600","7442","p","1"
"https://nasbe.org/state-education-policy-and-the-new-artificial-intelligence","https://nasbe.org/opportunities-and-challenges-insights-from-north-carolinas-ai-guidelines","RECO","RECO","1","0","3/3","3/3","retained","600","7442","div","0"
"https://natlawreview.com/article/br-privacy-security-ai-download-april-2026","https://governorsoffice.colorado.gov/governor/news/colorado-artificial-intelligence-policy-workgroup-delivers-unanimous-support-revised-policy","EDITORIAL","EDIT_EXT","1","1","3/3","3/3","retained","600","7442","p","1"
"https://natlawreview.com/article/potential-changes-regulation-artificial-intelligence-2025","https://whitehouse.gov/presidential-actions/2025/01/initial-rescissions-of-harmful-executive-orders-and-actions","EDITORIAL","EDIT_EXT","1","1","3/3","3/3","retained","600","7442","p","1"
"https://nature.com/articles/s41746-024-01213-6","https://isaca.org/resources/isaca-journal/issues/2023/volume-2/the-potential-impact-of-the-european-commissions-proposed-ai-act-on-smes","EDITORIAL","REF_BIB","1","1","3/3","3/3","retained","600","7442","p","1"
"https://nautadutilh.com/en/insights/copyright-in-the-ai-act-5-things-you-need-to-know","https://nautadutilh.com/en/insights/the-interplay-between-the-ai-act-and-the-gdpr","RECO","RECO","1","0","3/3","3/3","eliminated","943","8559","div","0"
"https://nautadutilh.com/en/insights/the-interplay-between-the-ai-act-and-the-gdpr","https://nautadutilh.com/en/insights/technology-and-the-law-in-2025-five-things-you-need-to-know","RECO","RECO","1","0","3/3","2/3","eliminated","943","8559","div","0"
"https://ncsl.org/resources/details/as-ai-tools-become-commonplace-so-do-concerns","https://ncsl.org/civil-and-criminal-justice/artificial-intelligence-and-law-enforcement-the-federal-and-state-landscape","EDITORIAL","EDIT_INT","1","1","3/3","3/3","retained","600","7442","p","0"
"https://networklawreview.org/almada-ai-act","https://cambridge.org/core/journals/cambridge-forum-on-ai-law-and-governance/article/navigating-chinas-regulatory-approach-to-generative-artificial-intelligence-and-large-language-models/969B2055997BF42DE693B7A1A1B4E8BA","EDITORIAL","REF_BIB","1","1","3/3","3/3","retained","600","7442","li","1"
"https://networklawreview.org/almada-ai-act","https://cambridge.org/core/journals/german-law-journal/article/brussels-sideeffect-how-the-ai-act-can-reduce-the-global-reach-of-eu-policy/032C72AEC537EBB6AE96C0FD90387E3E","EDITORIAL","REF_BIB","1","1","2/3","3/3","retained","600","7442","li","1"
"https://neuronomixer.com/blog/the-neural-horizon/regulation-meets-innovation-how-ai-governance-is-reshaping-tech-in-europe","https://euronews.com/my-europe/2026/01/27/the-ai-race-can-europe-catch-up-to-the-us-and-china","EDITORIAL","EDIT_EXT","1","1","3/3","3/3","retained","600","7442","p","1"
"https://neuronomixer.com/blog/the-neural-horizon/regulation-meets-innovation-how-ai-governance-is-reshaping-tech-in-europe","https://microsoft.com/en-us/trust-center/compliance/eu-ai-act","EDITORIAL","EDIT_EXT","1","1","3/3","3/3","retained","600","7442","p","1"
"https://nevadacurrent.com/2025/12/16/whats-at-stake-in-trumps-executive-order-aiming-to-curb-state-level-ai-regulation","https://politico.com/news/2025/05/12/how-big-tech-is-pitting-washington-against-california-00336484","EDITORIAL","EDIT_EXT","1","1","3/3","3/3","retained","600","7442","p","1"
"https://newamerica.org/insights/automated-authority-ai-algorithms","https://artificialintelligenceact.eu/","EDITORIAL","EDIT_EXT","1","1","3/3","3/3","retained","600","7442","p","1"
"https://news.bloomberglaw.com/legal-exchange-insights-and-commentary/how-to-navigate-president-trumps-curbs-on-state-ai-regulations","https://news.bloomberglaw.com/legal-exchange-insights-and-commentary/copyright-law-set-to-govern-ai-under-trumps-executive-order","RECO","RECO","1","0","3/3","3/3","eliminated","943","8559","div","0"
"https://nextgov.com/artificial-intelligence/2026/05/anticipated-executive-order-could-give-nsa-role-voluntary-ai-model-testing/413663","https://nextgov.com/artificial-intelligence/2025/12/trump-signs-order-targeting-cumbersome-state-ai-regulation/410120","EDITORIAL","EDIT_INT","1","1","3/3","3/3","retained","600","7442","p","0"
"https://nldigitalgovernment.nl/featured-stories/what-you-need-to-know-about-ai-literacy","https://nldigitalgovernment.nl/featured-stories/the-implications-of-the-ai-act-on-your-organisation","RECO","RECO","1","0","2/3","3/3","eliminated","943","8559","li","0"
"https://nldigitalgovernment.nl/news/consultation-on-dutch-ai-act-implementation-bill-now-open","https://digital-strategy.ec.europa.eu/en/policies/regulatory-framework-ai","EDITORIAL","EDIT_EXT","1","1","3/3","3/3","retained","600","7442","p","1"
"https://nojitter.com/ai-automation/ai-governance-when-in-doubt-ask-then-ask-again-","https://dglaw.com/the-eu-artificial-intelligence-act-key-takeaways-and-analysis","EDITORIAL","EDIT_EXT","1","1","2/3","3/3","retained","600","7442","span","1"
"https://note.com/_takumi_inoue_/n/nf8d74ce79c8c?hl=en","https://fedscoop.com/trump-ai-action-plan-details-race-with-china","EDITORIAL","REF_BIB","1","1","2/3","3/3","retained","600","7442","p","1"
"https://note.com/_takumi_inoue_/n/nf8d74ce79c8c?hl=en","https://thedispatch.com/article/congress-ai-regulation-state-moratorium","EDITORIAL","REF_BIB","1","1","2/3","3/3","retained","600","7442","p","1"
"https://numalis.com/is-the-regulation-of-ai-a-brake-or-a-lever-on-innovation","https://artificialintelligenceact.eu/","EDITORIAL","REF_BIB","1","1","3/3","3/3","retained","600","7442","li","1"
"https://nwai.co/eu-ai-act-complete-business-guide-2025","https://oxethica.com/blog/the-definitive-eu-ai-act-compliance-checklist","EDITORIAL","EDIT_EXT","1","1","2/3","3/3","eliminated","943","8559","em","1"
"https://nysenate.gov/newsroom/articles/2025/kristen-gonzalez/when-it-comes-ai-policy-congress-shouldnt-cut-states-knees","https://lawfaremedia.org/article/1-000-ai-bills--time-for-congress-to-get-serious-about-preemption","EDITORIAL","EDIT_EXT","1","1","3/3","3/3","retained","600","7442","p","1"
"https://nytimes.com/2023/12/06/technology/ai-regulation-policies.html","https://nytimes.com/2023/07/21/us/politics/ai-regulation-biden.html","EDITORIAL","EDIT_INT","1","1","3/3","3/3","retained","600","7442","p","0"
"https://oecd.org/en/publications/progress-in-implementing-the-european-union-coordinated-plan-on-artificial-intelligence-volume-1_533c355d-en/full-report/overview_cd32064e.html","https://oecd.org/en/publications/progress-in-implementing-the-european-union-coordinated-plan-on-artificial-intelligence-volume-1_533c355d-en.html","NAV","NAV","0","0","3/3","3/3","eliminated","943","8559","li","0"
"https://ohrh.law.ox.ac.uk/eu-artificial-intelligence-act-approved-what-remains-missing-from-this-compromise","https://europarl.europa.eu/news/en/press-room/20231206IPR15699/artificial-intelligence-act-deal-on-comprehensive-rules-for-trustworthy-ai","EDITORIAL","EDIT_EXT","1","1","3/3","3/3","retained","600","7442","p","1"
"https://ohrh.law.ox.ac.uk/the-eu-artificial-intelligence-act-and-its-human-rights-limitations","https://ohrh.law.ox.ac.uk/eu-artificial-intelligence-act-approved-what-remains-missing-from-this-compromise","RECO","RECO","1","0","3/3","3/3","eliminated","943","8559","figure","0"
"https://oii.ox.ac.uk/the-global-implications-of-the-limitations-and-loopholes-of-the-e-u-ai-acts-and-liability-directives-according-to-an-oxford-researcher","https://yjolt.org/limitations-and-loopholes-eu-ai-act-and-ai-liability-directives-what-means-european-union-united","EDITORIAL","EDIT_EXT","1","1","3/3","3/3","retained","600","7442","p","1"
"https://oiml.org/en/publications/oiml-bulletin/2025-03/20250306","https://artificialintelligenceact.eu/","EDITORIAL","REF_BIB","1","1","2/3","3/3","retained","600","7442","p","1"
"https://oliverpatel.substack.com/p/ai-governance-in-2024-a-year-in-review","https://eur-lex.europa.eu/eli/reg/2024/1689/oj/eng","EDITORIAL","EDIT_EXT","1","1","2/3","3/3","retained","600","7442","p","1"
"https://onetrust.com/blog/chinas-tc260-releases-ai-safety-governance-framework","https://onetrust.com/resources/unpacking-the-eu-ai-act-webinar","ADS","ADS","1","0","2/3","3/3","eliminated","943","8559","div","0"
"https://onetrust.com/blog/establishing-an-ai-governance-committee-an-inside-look-at-onetrusts-process","https://onetrust.com/resources/unpacking-the-eu-ai-act-webinar","ADS","ADS","1","0","2/3","3/3","eliminated","943","8559","div","0"
"https://onetrust.com/blog/managing-ai-compliance-with-iso-42001","https://onetrust.com/resources/navigating-ai-governance-privacy-compliance-under-philippine-law-webinar","ADS","ADS","1","0","2/3","3/3","eliminated","943","8559","div","0"
"https://onetrust.com/blog/managing-ai-compliance-with-iso-42001","https://onetrust.com/resources/the-trump-america-ai-act-and-white-house-ai-framework-what-us-ai-regulation-could-look-like-next-webinar","ADS","ADS","1","0","2/3","3/3","eliminated","943","8559","div","0"
"https://onetrust.com/blog/the-5-trends-shaping-global-privacy-and-enforcement-in-2026","https://onetrust.com/resources/eu-digital-omnibus-explained-gdpr-ai-act-and-eprivacy-changes-webinar","EDITORIAL","EDIT_INT","1","1","3/3","3/3","retained","600","7442","p","0"
"https://onetrust.com/blog/what-you-need-to-know-about-conformity-assessments-under-the-eu-ai-act","https://onetrust.com/blog/navigating-the-eu-ai-act","EDITORIAL","EDIT_INT","1","1","3/3","3/3","retained","600","7442","span","0"
"https://onetrust.com/blog/why-agents-demand-new-governance-approaches","https://onetrust.com/resources/unpacking-the-eu-ai-act-webinar","RECO","RECO","1","0","2/3","3/3","eliminated","943","8559","div","0"
"https://onlinelibrary.wiley.com/doi/abs/10.1002/joe.22238","https://digital-strategy.ec.europa.eu/en/policies/regulatory-framework-ai","EDITORIAL","REF_BIB","1","1","3/3","3/3","retained","600","7442","li","1"
"https://onlinelibrary.wiley.com/doi/full/10.1002/poi3.406","https://ec.europa.eu/commission/presscorner/detail/en/ip_23_6473","EDITORIAL","REF_BIB","1","1","3/3","3/3","eliminated","943","8559","li","1"
"https://onlinelibrary.wiley.com/doi/full/10.1111/eulj.12516","https://protectnotsurveil.eu/","EDITORIAL","REF_BIB","1","1","3/3","3/3","eliminated","943","8559","li","1"
"https://opencode.md/en/registry/artificial-intelligence/eu-ai-act","https://en.wikipedia.org/wiki/Artificial_Intelligence_Act","EDITORIAL","EDIT_LIST","1","1","2/3","3/3","retained","600","7442","li","1"
"https://orfme.org/research/ai-innovation-in-the-uae-strategic-use-of-ai-specific-regulatory-sandboxes","https://eur-lex.europa.eu/eli/reg/2024/1689/oj/eng","EDITORIAL","EDIT_EXT","1","1","3/3","3/3","retained","600","7442","p","1"
"https://orfonline.org/expert-speak/the-eu-ai-act-a-landmark-in-ai-regulation","https://nytimes.com/2023/12/08/technology/eu-ai-act-regulation.html","EDITORIAL","EDIT_EXT","1","1","2/3","3/3","retained","600","7442","p","1"
"https://orrick.com/en/Insights/2025/04/EU-Commission-Publishes-Guidelines-on-the-Prohibited-AI-Practices-under-the-AI-Act","https://orrick.com/en/Insights/The-EU-AI-Act-Series-Key-Takeaways-for-Companies-Using-and-Developing-AI","EDITORIAL","EDIT_INT","1","1","3/3","3/3","eliminated","943","8559","em","0"
"https://orrick.com/en/Insights/2025/06/How-Startups-Can-Navigate-Through-the-Digital-and-AI-Law-Maze-in-Europe","https://orrick.com/en/Insights/The-EU-AI-Act-Series-Key-Takeaways-for-Companies-Using-and-Developing-AI","RECO","RECO","1","0","3/3","3/3","eliminated","943","8559","div","0"
"https://orrick.com/en/Insights/2025/08/AI-Regulation-Are-There-Regulations-on-AI-AI-FAQ-Series","https://orrick.com/en/Insights/The-EU-AI-Act-Series-Key-Takeaways-for-Companies-Using-and-Developing-AI","EDITORIAL","EDIT_INT","1","1","3/3","3/3","retained","600","7442","p","0"
"https://orrick.com/en/Insights/2025/08/AI-in-Employment-What-Should-We-Keep-in-Mind-When-Implementing-AI-in-the-Workplace-AI-FAQ-Series","https://ai-law-center.orrick.com/eu-ai-act/high-risk-ai","EDITORIAL","EDIT_EXT","1","1","3/3","3/3","retained","600","7442","p","1"
"https://orrick.com/en/Insights/The-EU-AI-Act-Series-Key-Takeaways-for-Companies-Using-and-Developing-AI","https://orrick.com/en/Insights/2024/10/The-EU-AI-Act-A-Comprehensive-Overview","OTHER","META_BYLINE","1","0","2/3","3/3","eliminated","943","8559","span","0"
"https://orrick.com/en/insights/2025/04/eu-commission-clarifies-definition-of-ai-systems","https://digital-strategy.ec.europa.eu/en/library/commission-publishes-guidelines-ai-system-definition-facilitate-first-ai-acts-rules-application","EDITORIAL","EDIT_EXT","1","1","3/3","3/3","retained","600","7442","p","1"
"https://orrick.com/en/insights/2025/04/eu-commission-publishes-guidelines-on-the-prohibited-ai-practices-under-the-ai-act","https://orrick.com/en/Insights/The-EU-AI-Act-Series-Key-Takeaways-for-Companies-Using-and-Developing-AI","EDITORIAL","EDIT_INT","1","1","3/3","3/3","eliminated","943","8559","em","0"
"https://osano.com/articles/ai-governance","https://osano.com/articles/ai-and-data-privacy","EDITORIAL","EDIT_INT","1","1","3/3","3/3","retained","600","7442","p","0"
"https://osborneclarke.com/insights/ai-literacy-becomes-mandatory-life-sciences-across-eu","https://osborneclarke.com/insights/eu-ai-acts-deployers-definition-has-wide-ranging-significance-life-sciences-2","EDITORIAL","EDIT_INT","1","1","3/3","3/3","retained","600","7442","p","0"
"https://osborneclarke.com/insights/high-risk-ai-systems-life-sciences-face-strict-regulatory-scrutiny-new-eu-rules-0","https://osborneclarke.com/insights/how-should-data-centre-operators-manage-artificial-intelligence-compliance-risk-eea","RECO","RECO","1","0","3/3","3/3","eliminated","943","8559","div","0"
"https://osborneclarke.com/insights/how-should-data-centre-operators-manage-artificial-intelligence-compliance-risk-eea","https://osborneclarke.com/insights/when-will-businesses-have-comply-eus-ai-act","EDITORIAL","EDIT_INT","1","1","3/3","3/3","retained","600","7442","p","0"
"https://osborneclarke.com/insights/what-latest-uk-governments-approach-regulating-ai","https://osborneclarke.com/insights/how-should-data-centre-operators-manage-artificial-intelligence-compliance-risk-eea","RECO","RECO","1","0","3/3","3/3","eliminated","943","8559","div","0"
"https://osborneclarke.com/insights/what-will-next-uk-government-do-about-regulating-and-supporting-ai","https://osborneclarke.com/insights/how-should-data-centre-operators-manage-artificial-intelligence-compliance-risk-eea","RECO","RECO","1","0","3/3","3/3","eliminated","943","8559","div","0"
"https://osborneclarke.com/insights/when-will-businesses-have-comply-eus-ai-act","https://osborneclarke.com/insights/physical-ai-and-strict-liability-what-impact-eu-product-liability-directive","RECO","RECO","1","0","3/3","3/3","eliminated","943","8559","div","0"
"https://owaspai.org/docs/6_privacy","https://digital-strategy.ec.europa.eu/en/policies/regulatory-framework-ai","EDITORIAL","NOMAJ","1","1","1/3","3/3","eliminated","943","8559","li","1"
"https://owaspai.org/docs/6_privacy","https://europarl.europa.eu/topics/en/article/20230601STO93804/eu-ai-act-first-regulation-on-artificial-intelligence","EDITORIAL","NOMAJ","1","1","1/3","3/3","eliminated","943","8559","li","1"
"https://papers.ssrn.com/sol3/papers.cfm?abstract_id=4740268","https://papers.ssrn.com/sol3/Delivery.cfm/SSRN_ID4740268_code1440600.pdf?abstractid=4740268&mirid=1&type=2","OTHER","META_REFTOOL","0","0","2/3","3/3","eliminated","943","8559","div","0"
"https://papers.ssrn.com/sol3/papers.cfm?abstract_id=4819226","https://papers.ssrn.com/sol3/Delivery.cfm/SSRN_ID4819226_code6095695.pdf?abstractid=4819226&mirid=1&type=2","OTHER","META_REFTOOL","0","0","2/3","2/3","eliminated","943","8559","div","0"
"https://papers.ssrn.com/sol3/papers.cfm?abstract_id=4997854","https://papers.ssrn.com/sol3/Delivery.cfm/4997854.pdf?abstractid=4997854&mirid=1","OTHER","META_REFTOOL","0","0","2/3","2/3","eliminated","943","8559","div","0"
"https://parloa.com/blog/AI-privacy-2026","https://artificialintelligenceact.eu/","EDITORIAL","EDIT_EXT","1","1","3/3","3/3","retained","600","7442","p","1"
"https://peasebell.com/insights/navigating-the-eu-ai-act-a-guide-for-mid-sized-ai-companies","https://digital-strategy.ec.europa.eu/en/policies/regulatory-framework-ai","EDITORIAL","EDIT_EXT","1","1","3/3","3/3","retained","600","7442","p","1"
"https://phillipslytle.com/ai-demystified-crafting-an-effective-ai-acceptable-use-policy","https://phillipslytle.com/eu-artificial-intelligence-act-what-is-it-and-how-does-it-compare-to-u-s-ai-laws","RECO","RECO","1","0","3/3","3/3","eliminated","943","8559","figure","0"
"https://phillipslytle.com/executive-order-issued-to-restrict-state-regulation-of-artificial-intelligence","https://phillipslytle.com/ai-demystified-crafting-an-effective-ai-acceptable-use-policy","RECO","RECO","0","0","3/3","2/3","eliminated","943","8559","figure","0"
"https://pideeco.be/articles/new-ai-act-impacts-challenges","https://digital-strategy.ec.europa.eu/en/policies/regulatory-framework-ai","EDITORIAL","EDIT_EXT","1","1","2/3","3/3","eliminated","943","8559","div","1"
"https://pinsentmasons.com/out-law/analysis/revised-eu-product-liability-regime-expands-ai-software-providers","https://pinsentmasons.com/out-law/news/eu-ai-act-clears-final-vote","RECO","RECO","1","0","3/3","3/3","eliminated","943","8559","div","0"
"https://pinsentmasons.com/out-law/news/ai-act-implementation-law-germany","https://pinsentmasons.com/out-law/news/eu-ai-act-prohibited-ai-practices-initial-focus-businesses","EDITORIAL","EDIT_INT","1","1","3/3","3/3","retained","600","7442","p","0"
"https://pinsentmasons.com/out-law/news/ai-compliance-overseen-10-dutch-regulators","https://pinsentmasons.com/out-law/guides/guide-to-high-risk-ai-systems-under-the-eu-ai-act","EDITORIAL","EDIT_INT","1","1","3/3","3/3","retained","600","7442","p","0"
"https://pinsentmasons.com/out-law/news/eu-ai-act-clears-final-vote","https://pinsentmasons.com/out-law/analysis/the-eu-ai-act-what-us-businesses-need-to-know","RECO","RECO","1","0","3/3","3/3","eliminated","943","8559","div","0"
"https://pinsentmasons.com/out-law/news/eu-ai-simplification-package-reaches-critical-milestone","https://pinsentmasons.com/out-law/analysis/ai-omnibus-for-businesses","RECO","RECO","1","0","3/3","3/3","eliminated","943","8559","div","0"
"https://pinsentmasons.com/out-law/news/rules-high-risk-ai-delayed-under-eu-omnibus-deal","https://pinsentmasons.com/out-law/guides/guide-to-high-risk-ai-systems-under-the-eu-ai-act","EDITORIAL","EDIT_INT","1","1","3/3","3/3","retained","600","7442","p","0"
"https://piotrgryko.com/posts/dual-use-ai","https://wilmerhale.com/en/insights/blogs/wilmerhale-privacy-and-cybersecurity-law/20240717-what-are-highrisk-ai-systems-within-the-meaning-of-the-eus-ai-act-and-what-requirements-apply-to-them","EDITORIAL","EDIT_LIST","1","1","2/3","3/3","retained","600","7442","li","1"
"https://piotrgryko.com/posts/eu-ai-act","https://eqs.com/compliance-blog/eu-ai-act","EDITORIAL","REF_BIB","1","1","2/3","3/3","eliminated","943","8559","p","1"
"https://piotrgryko.com/posts/eu-ai-act","https://reuters.com/technology/artificial-intelligence/trump-revokes-biden-executive-order-addressing-ai-risks-2025-01-21","EDITORIAL","REF_BIB","1","1","3/3","3/3","retained","600","7442","p","1"
"https://pitch.law/knowledge-base/conformity-assessments-high-risk-ai-systems","https://pitch.law/knowledge-base/ai-act-risk-classification-explained","RECO","RECO","1","0","3/3","3/3","eliminated","943","8559","div","0"
"https://pitch.law/knowledge-base/provider-vs-deployer-ai-act","https://pitch.law/knowledge-base/conformity-assessments-high-risk-ai-systems","RECO","RECO","1","0","3/3","3/3","eliminated","943","8559","div","0"
"https://pmc.ncbi.nlm.nih.gov/articles/PMC11350181","https://pmc.ncbi.nlm.nih.gov/articles/PMC11319791","OTHER","META_REFTOOL","1","0","2/3","3/3","retained","600","7442","li","0"
"https://pmc.ncbi.nlm.nih.gov/articles/PMC11575148","https://europarl.europa.eu/topics/en/article/20230601STO93804/eu-ai-act-first-regulation-on-artificial-intelligence","EDITORIAL","REF_BIB","1","1","3/3","3/3","retained","600","7442","p","1"
"https://pmc.ncbi.nlm.nih.gov/articles/PMC11845669","https://pubmed.ncbi.nlm.nih.gov/39761454","OTHER","META_REFTOOL","1","0","3/3","3/3","retained","600","7442","li","1"
"https://pmc.ncbi.nlm.nih.gov/articles/PMC11975980","https://whitecase.com/insight-our-thinking/ai-watch-global-regulatory-tracker","EDITORIAL","REF_BIB","1","1","3/3","3/3","retained","600","7442","cite","1"
"https://pmc.ncbi.nlm.nih.gov/articles/PMC12007595","https://pmc.ncbi.nlm.nih.gov/articles/PMC11111757","OTHER","META_REFTOOL","1","0","2/3","3/3","retained","600","7442","li","0"
"https://pmc.ncbi.nlm.nih.gov/articles/PMC12412760","https://pmc.ncbi.nlm.nih.gov/articles/PMC10930608","OTHER","META_REFTOOL","1","0","2/3","3/3","retained","600","7442","li","0"
"https://pmc.ncbi.nlm.nih.gov/articles/PMC12575634","https://pubmed.ncbi.nlm.nih.gov/39761454","OTHER","META_REFTOOL","1","0","2/3","2/3","retained","600","7442","li","1"
"https://policyreview.info/articles/analysis/artificial-intelligence-regulation-united-kingdom-path-good-governance","https://policyreview.info/articles/news/regulating-ai-without-people","RECO","RECO","1","0","3/3","3/3","eliminated","943","8559","h2","0"
"https://policyreview.info/articles/analysis/balancing-efficiency-and-public-interest-ai","https://policyreview.info/articles/news/china-reshaping-future-ai-governance/2041","RECO","RECO","1","0","3/3","3/3","eliminated","943","8559","h2","0"
"https://policyreview.info/articles/analysis/brussels-effect-or-experimentalism","https://mlex.com/mlex/articles/2344845/eu-commission-eyes-pausing-ai-act-s-entry-into-application","EDITORIAL","REF_BIB","1","1","3/3","3/3","retained","600","7442","p","1"
"https://policyreview.info/articles/analysis/brussels-effect-or-experimentalism","https://policyreview.info/articles/news/violent-logics-border-ai/2062","RECO","RECO","1","0","3/3","3/3","eliminated","943","8559","h2","0"
"https://policyreview.info/articles/analysis/contesting-public-interest-ai-governance","https://policyreview.info/articles/news/china-reshaping-future-ai-governance/2041","RECO","RECO","1","0","3/3","3/3","eliminated","943","8559","h2","0"
"https://policyreview.info/articles/analysis/contesting-public-interest-ai-governance","https://policyreview.info/articles/news/violent-logics-border-ai/2062","RECO","RECO","1","0","3/3","3/3","eliminated","943","8559","h2","0"
"https://policyreview.info/articles/analysis/navigating-ai-frontier-european-parliamentary-insights","https://policyreview.info/articles/news/violent-logics-border-ai/2062","RECO","RECO","1","0","3/3","3/3","eliminated","943","8559","h2","0"
"https://policyreview.info/articles/analysis/regulating-ai-through-technical-standards","https://policyreview.info/articles/news/violent-logics-border-ai/2062","RECO","RECO","1","0","2/3","3/3","eliminated","943","8559","h2","0"
"https://policyreview.info/articles/analysis/your-face-is-not-new-to-me","https://policyreview.info/articles/analysis/future-proofing-the-city","EDITORIAL","EDIT_INT","1","1","3/3","3/3","retained","600","7442","p","0"
"https://policyreview.info/articles/news/artificial-intelligence-act-taking-normative-imbalances-seriously/1817","https://policyreview.info/articles/news/violent-logics-border-ai/2062","RECO","RECO","1","0","3/3","3/3","eliminated","943","8559","h2","0"
"https://policyreview.info/articles/news/let-me-tell-you-chatgpt-ai-will-not-change-our-world/1694","https://policyreview.info/articles/news/violent-logics-border-ai/2062","RECO","RECO","1","0","3/3","3/3","eliminated","943","8559","h2","0"
"https://policyreview.info/articles/news/regulating-ai-without-people","https://tandfonline.com/doi/full/10.1080/13501763.2024.2318475","EDITORIAL","EDIT_EXT","1","1","3/3","3/3","retained","600","7442","p","1"
"https://policyreview.info/articles/news/road-regulation-artificial-intelligence-brazilian-experience/1737","https://ec.europa.eu/commission/presscorner/detail/en/ip_23_6473","EDITORIAL","EDIT_EXT","1","1","2/3","3/3","retained","600","7442","p","1"
"https://policyreview.info/articles/news/violent-logics-border-ai/2062","https://eur-lex.europa.eu/eli/reg/2024/1689/oj/eng","EDITORIAL","EDIT_EXT","1","1","3/3","3/3","retained","600","7442","p","1"
"https://politico.eu/article/ai-deepseek-chatgpt-openai-eu-bans-series-of-ai-practices-but-with-loopholes","https://digital-strategy.ec.europa.eu/en/policies/regulatory-framework-ai","EDITORIAL","EDIT_EXT","1","1","3/3","3/3","retained","600","7442","p","1"
"https://politico.eu/article/california-us-ai-safety-bill-warning-uk","https://pelosi.house.gov/news/press-releases/pelosi-statement-opposition-california-senate-bill-1047","EDITORIAL","EDIT_EXT","1","1","3/3","3/3","eliminated","943","8559","p","1"
"https://politico.eu/article/the-eu-wanted-to-lead-on-regulating-ai-now-its-hitting-pause","https://politico.eu/article/eu-to-propose-delay-of-key-part-of-landmark-ai-law-by-one-year","EDITORIAL","EDIT_INT","1","1","3/3","3/3","retained","600","7442","p","0"
"https://privacymatters.dlapiper.com/2024/04/europe-the-eu-ai-acts-relationship-with-data-protection-law-key-takeaways","https://privacymatters.dlapiper.com/2026/02/navigating-simplification-without-sacrificing-safeguards-key-takeaways","RECO","RECO","1","0","3/3","3/3","eliminated","943","8559","div","0"
"https://privacymatters.dlapiper.com/2026/02/navigating-simplification-without-sacrificing-safeguards-key-takeaways","https://edps.europa.eu/press-publications/press-news/press-releases/2026/edpb-and-edps-support-streamlining-ai-act-implementation-call-stronger-safeguards-protect-fundamental-rights_en","EDITORIAL","EDIT_EXT","1","1","3/3","3/3","eliminated","943","8559","p","1"
"https://privacyworld.blog/2025/05/the-european-commissions-guidance-on-prohibited-ai-practices-unraveling-the-ai-act","https://privacyworld.blog/2025/05/understanding-the-scope-of-artificial-intelligence-ai-system-definition-key-insights-from-the-european-commissions-guidelines","RECO","RECO","1","0","3/3","3/3","eliminated","943","8559","div","0"
"https://promarket.org/2024/08/26/the-deals-that-will-hamper-competition-in-ai-markets","https://brookings.edu/articles/experimenting-with-experimentation-4-model-bills-for-tech-policy-trials","EDITORIAL","EDIT_EXT","1","1","3/3","3/3","retained","600","7442","p","1"
"https://promptfoo.dev/blog/ai-regulation-2025","https://reuters.com/legal/government/trumps-ai-order-faces-political-legal-hurdles-2025-12-12","EDITORIAL","NOMAJ","1","1","1/3","3/3","eliminated","943","8559","li","1"
"https://proofpoint.com/us/blog/compliance-and-archiving/eu-ai-act-requirements-implications","https://proofpoint.com/us/resources/white-papers/securing-governing-ai-data-guide","NAV","NAV","0","0","2/3","3/3","eliminated","943","8559","div","0"
"https://pub.towardsai.net/the-eu-ai-acts-sleeper-requirement-why-audit-trails-are-the-next-infrastructure-problem-577ef0af0f81","https://hackerone.com/blog/eu-ai-act-enforcement-2025-security-compliance","EDITORIAL","EDIT_EXT","1","1","2/3","3/3","retained","600","7442","p","1"
"https://publicknowledge.org/ai-resources","https://sir.advancedleadership.harvard.edu/articles/artificial-intelligence-path-forward-technology-policy","EDITORIAL","EDIT_EXT","1","1","3/3","3/3","retained","600","7442","p","1"
"https://pubmed.ncbi.nlm.nih.gov/39971383","https://pmc.ncbi.nlm.nih.gov/articles/PMC12339208","OTHER","META_REFTOOL","0","0","3/3","3/3","retained","600","7442","span","1"
"https://pwc.de/en/risk-regulatory/responsible-ai.html","https://pwc.de/en/risk-regulatory/responsible-ai/european-ai-regulation-and-its-implementation.html","ADS","ADS","1","0","3/3","3/3","eliminated","943","8559","p","0"
"https://pwc.ie/services/workforce/insights/eu-ai-act-navigate-prohibited-ai.html","https://pwc.ie/services/workforce/insights/ai-literacy.html","ADS","ADS","1","0","3/3","3/3","eliminated","943","8559","div","0"
"https://pymnts.com/news/artificial-intelligence/2025/eu-slows-ai-act-rollout-while-industry-calls-for-clarity-over-leniency","https://artificialintelligenceact.eu/","EDITORIAL","EDIT_EXT","1","1","3/3","3/3","eliminated","943","8559","p","1"
"https://quarles.com/newsroom/publications/white-house-releases-americas-ai-action-plan-and-accompanying-ai-executive-orders","https://quarles.com/newsroom/publications/2023-ai-safety-executive-order-revoked-and-what-lies-ahead-for-ai","EDITORIAL","EDIT_INT","1","1","3/3","3/3","retained","600","7442","p","0"
"https://qubevents.com/post/ai-safety-and-governance-in-malta-and-the-european-union-in-2026","https://digital-strategy.ec.europa.eu/en/policies/regulatory-framework-ai","EDITORIAL","EDIT_EXT","1","1","3/3","3/3","retained","600","7442","span","1"
"https://radarfirst.com/blog/eus-new-gpai-guidelines-a-compliance-roadmap","https://ised-isde.canada.ca/site/innovation-better-canada/en/artificial-intelligence-and-data-act-aida-companion-document","EDITORIAL","EDIT_EXT","1","1","2/3","3/3","eliminated","943","8559","li","1"
"https://radarfirst.com/blog/third-party-risk-management-for-the-eu-ai-act","https://digital-strategy.ec.europa.eu/en/policies/regulatory-framework-ai","EDITORIAL","EDIT_EXT","1","1","3/3","3/3","retained","600","7442","p","1"
"https://rand.org/education-employment-infrastructure/projects/artificial-intelligence-governance.html","https://rand.org/pubs/perspectives/PEA3243-1.html","RECO","RECO","1","0","3/3","3/3","eliminated","943","8559","li","0"
"https://rand.org/health/projects/rethinking-social-economic-policy-systems/ai-adoption.html","https://rand.org/pubs/commentary/2025/09/how-to-scale-up-ai-in-government.html","RECO","RECO","1","0","3/3","3/3","eliminated","943","8559","li","0"
"https://rand.org/pubs/visualizations/DVA3888-1.html","https://rand.org/pubs/perspectives/PEA3888-1.html","EDITORIAL","EDIT_INT","1","1","2/3","3/3","retained","600","7442","p","0"
"https://realclearpolitics.com/articles/2025/11/22/why_washington_not_the_states_should_set_ai_rules_153564.html","https://ifstudies.org/blog/americans-oppose-the-ai-regulation-moratorium-by-a-3-to-1-margin","EDITORIAL","EDIT_EXT","1","1","3/3","3/3","retained","600","7442","span","1"
"https://reason.com/2025/06/09/this-ai-company-wants-washington-to-keep-its-competitors-off-the-market","https://rstreet.org/ai-moratorium-questions","EDITORIAL","EDIT_EXT","1","1","3/3","3/3","retained","600","7442","p","1"
"https://reddit.com/r/europe/comments/1l692nd/eu_could_pause_ai_act_rollout_amid_industry","https://europarl.europa.eu/news/en/press-room/20240308IPR19015/artificial-intelligence-act-meps-adopt-landmark-law","RECO","RECO","0","0","3/3","2/3","eliminated","943","8559","div","1"
"https://reddit.com/r/singularity/comments/1ib00hw/eu_ai_act","https://europarl.europa.eu/news/en/press-room/20240308IPR19015/artificial-intelligence-act-meps-adopt-landmark-law","RECO","RECO","1","0","3/3","2/3","eliminated","943","8559","div","1"
"https://reedsmith.com/our-insights/blogs/technology-law-dispatch/102lu0u/colorados-hesitation-in-pioneering-a-i-regulation-mirrors-similar-hesitation-na","https://europarl.europa.eu/topics/en/article/20230601STO93804/eu-ai-act-first-regulation-on-artificial-intelligence","EDITORIAL","EDIT_EXT","1","1","3/3","3/3","eliminated","943","8559","p","1"
"https://reedsmith.com/our-insights/blogs/viewpoints/102kdja/deadline-approaching-in-2-months-key-eu-ai-act-provisions-enter-into-force","https://artificialintelligenceact.eu/national-implementation-plans","EDITORIAL","EDIT_EXT","1","1","3/3","3/3","eliminated","943","8559","li","1"
"https://reedsmith.com/our-insights/blogs/viewpoints/102mp93/regulators-turn-their-attention-to-agentic-ai","https://ai-act-service-desk.ec.europa.eu/en/faq","EDITORIAL","EDIT_EXT","1","1","3/3","3/3","eliminated","943","8559","p","1"
"https://reedsmith.com/our-insights/blogs/viewpoints/102mp93/regulators-turn-their-attention-to-agentic-ai","https://reedsmith.com/articles/ai-transparency-in-the-uk-and-eu-what-s-the-latest","EDITORIAL","EDIT_INT","1","1","3/3","3/3","eliminated","943","8559","p","0"
"https://regulations.ai/regulations/RAI-CH-NA-FSUGAXX-2024","https://regulations.ai/research","NAV","NAV","0","0","3/3","3/3","eliminated","943","8559","div","0"
"https://regulations.ai/regulations/RAI-REG-NA-SUMMARY-2026","https://regulations.ai/research","NAV","NAV","0","0","3/3","3/3","eliminated","943","8559","div","0"
"https://regulations.ai/regulations/european-union-2025-2-guidelines-definition-ai-system","https://digital-strategy.ec.europa.eu/en/library/commission-publishes-guidelines-ai-system-definition-facilitate-first-ai-acts-rules-application","OTHER","META_REFTOOL","1","0","2/3","3/3","retained","600","7442","div","1"
"https://regulativ.ai/blog-articles/eu-ai-act-guidance-delayed","https://regulativ.ai/blog-articles/eu-ai-act-risk-classification","RECO","RECO","1","0","3/3","2/3","eliminated","943","8559","div","0"
"https://regulativ.ai/blog-articles/why-ai-transformation-programmes-fail-governance-gaps","https://regulativ.ai/blog-articles/eu-ai-act-risk-classification","RECO","RECO","1","0","3/3","3/3","eliminated","943","8559","div","0"
"https://repository.law.miami.edu/umlr/vol78/iss1/8","https://repository.law.miami.edu/cgi/viewcontent.cgi?article=4726&context=umlr","OTHER","X_OTHER","1","0","2/3","2/3","eliminated","943","8559","h1","0"
"https://resources.workable.com/tutorial/compliance/eu-ai-act-what-hr-leaders-need-to-know","https://europarl.europa.eu/topics/en/article/20230601STO93804/eu-ai-act-first-regulation-on-artificial-intelligence","EDITORIAL","EDIT_EXT","1","1","3/3","3/3","retained","600","7442","p","1"
"https://robert-schuman.eu/en/european-issues/728-artificial-intelligence-europe-needs-to-start-dreaming-again","https://ainowinstitute.org/","EDITORIAL","EDIT_EXT","1","1","3/3","3/3","retained","600","7442","p","1"
"https://rockbirdmedia.com/post/europe-s-landmark-ai-laws-what-the-artificial-intelligence-act-means-for-global-organizations","https://iapp.org/resources/article/top-impacts-eu-ai-act-regulatory-implementation-application","EDITORIAL","EDIT_EXT","1","1","3/3","3/3","retained","600","7442","span","1"
"https://ropesgray.com/en/insights/alerts/2026/03/examining-the-landscape-and-limitations-of-the-federal-push-to-override-state-ai-regulation","https://ropesgray.com/en/sites/healthai-atlas-state-ai-laws-healthcare","EDITORIAL","EDIT_INT","1","1","3/3","3/3","retained","600","7442","p","0"
"https://royalsocietypublishing.org/rsos/article/12/5/241873/235732/Ethical-and-legal-considerations-in-healthcare-AI","https://csis.org/analysis/japans-approach-ai-regulation-and-its-impact-2023-g7-presidency","EDITORIAL","REF_BIB","1","1","3/3","3/3","retained","600","7442","div","1"
"https://rstreet.org/?p=85817&post_type=research","https://techpolicy.press/how-to-regulate-unsecured-opensource-ai-no-exemptions","EDITORIAL","REF_BIB","1","1","2/3","3/3","retained","600","7442","p","1"
"https://rstreet.org/commentary/trump-ai-executive-order-targets-state-regulatory-overreach-to-protect-national-markets","https://lawfaremedia.org/article/1-000-ai-bills--time-for-congress-to-get-serious-about-preemption","EDITORIAL","EDIT_EXT","1","1","3/3","3/3","retained","600","7442","p","1"
"https://rstreet.org/commentary/trump-ai-executive-order-targets-state-regulatory-overreach-to-protect-national-markets","https://reuters.com/legal/government/us-senate-strikes-ai-regulation-ban-trump-megabill-2025-07-01","EDITORIAL","EDIT_EXT","1","1","3/3","3/3","retained","600","7442","p","1"
"https://salesforce.com/blog/generative-ai-regulations","https://salesforce.com/news/stories/ai-regulation","ADS","ADS","1","0","3/3","3/3","eliminated","943","8559","div","0"
"https://sas-dhrh.github.io/genai-cch-toolkit/content/copyright_legislation/EU_law.html","https://artificial-intelligence-act.com/","EDITORIAL","EDIT_EXT","1","1","3/3","3/3","eliminated","943","8559","p","1"
"https://scientificadvice.eu/scientific-outputs/ai-in-science-evidence-review-report","https://digital-strategy.ec.europa.eu/en/news/commission-launches-ai-innovation-package-support-artificial-intelligence-startups-and-smes","EDITORIAL","EDIT_EXT","1","1","3/3","3/3","retained","600","7442","p","1"
"https://scup.com/doi/10.18261/olr.11.1.2","https://scup.com/doi/10.18261/olr.11.1.3","NAV","NAV","0","0","3/3","3/3","eliminated","943","8559","nav","0"
"https://scup.com/doi/10.18261/olr.11.1.3","https://scup.com/doi/10.18261/olr.11.1.2","NAV","NAV","0","0","3/3","3/3","eliminated","943","8559","nav","0"
"https://secureframe.com/blog/eu-ai-act-compliance","https://lw.com/en/insights/eu-ai-act-gpai-model-obligations-in-force-and-final-gpai-code-of-practice-in-place","EDITORIAL","EDIT_EXT","1","1","3/3","3/3","retained","600","7442","li","1"
"https://secureprivacy.ai/blog/eu-ai-act-2026-compliance","https://secureprivacy.ai/blog/iso-42001-implementation-guide-2026","EDITORIAL","EDIT_INT","1","1","3/3","3/3","retained","600","7442","p","0"
"https://securiti.ai/ai-risk-assessment","https://securiti.ai/colorado-ai-act","ADS","ADS","1","0","2/3","3/3","eliminated","943","8559","div","0"
"https://securiti.ai/eu-ai-act","https://securiti.ai/eu-ai-act/article-17","ADS","ADS","1","0","2/3","3/3","eliminated","943","8559","div","0"
"https://securiti.ai/eu-ai-act","https://securiti.ai/eu-ai-act/article-24","ADS","ADS","1","0","2/3","3/3","eliminated","943","8559","div","0"
"https://securiti.ai/eu-ai-act","https://securiti.ai/eu-ai-act/article-48","ADS","ADS","1","0","2/3","3/3","eliminated","943","8559","div","0"
"https://securiti.ai/eu-ai-act-implementation-efforts","https://securiti.ai/eu-ai-act/article-4","EDITORIAL","EDIT_INT","1","1","2/3","3/3","retained","600","7442","p","0"
"https://securiti.ai/eu-ai-act-implementation-efforts","https://securiti.ai/impact-of-the-gdpr-on-artificial-intelligence","EDITORIAL","EDIT_INT","1","1","3/3","2/3","retained","600","7442","p","0"
"https://securiti.ai/eu-ai-act/article-24","https://securiti.ai/eu-ai-act/article-6","EDITORIAL","EDIT_INT","1","1","3/3","3/3","retained","600","7442","p","0"
"https://securiti.ai/generative-ai-security","https://securiti.ai/generative-ai-privacy","EDITORIAL","EDIT_INT","1","1","3/3","2/3","eliminated","943","8559","p","0"
"https://securiti.ai/utah-ai-policy-act","https://securiti.ai/eu-ai-act","NAV","NAV","0","0","3/3","3/3","eliminated","943","8559","li","0"
"https://sendbird.com/blog/ai-compliance-best-practices","https://holisticai.com/blog/china-ai-regulation","EDITORIAL","EDIT_EXT","1","1","3/3","3/3","retained","600","7442","p","1"
"https://sendbird.com/blog/ai-compliance-best-practices","https://whitecase.com/insight-our-thinking/ai-watch-global-regulatory-tracker-european-union","EDITORIAL","EDIT_EXT","1","1","3/3","3/3","retained","600","7442","p","1"
"https://sentinelone.com/cybersecurity-101/data-and-ai/ai-compliance","https://artificialintelligenceact.eu/","EDITORIAL","EDIT_EXT","1","1","3/3","3/3","retained","600","7442","li","1"
"https://seppmed.com/2026/03/05/the-eu-ai-act-by-industry","https://digital-strategy.ec.europa.eu/en/policies/regulatory-framework-ai","EDITORIAL","NOMAJ","1","1","1/3","3/3","eliminated","943","8559","strong","1"
"https://servicenow.com/uk/blogs/2025/eu-ai-code-of-practice","https://servicenow.com/uk/blogs/2025/eu-ai-act-compliance-explained","EDITORIAL","EDIT_INT","1","1","3/3","3/3","retained","600","7442","p","0"
"https://shiftadvisory.co.nz/ai-regulation-recent-developments","https://ec.europa.eu/commission/presscorner/detail/en/ip_23_6473","EDITORIAL","EDIT_EXT","1","1","2/3","3/3","retained","600","7442","p","1"
"https://siia.net/as-eu-ai-act-faces-hurdles-other-international-approaches-to-ai-governance-gain-momentum","https://politico.eu/article/top-european-ceos-plead-for-pause-in-ai-act","EDITORIAL","EDIT_EXT","1","1","3/3","3/3","retained","600","7442","p","1"
"https://siliconplanet.com/en/blog/establishing-ai-compliance-that-actually-works-risk-classes-eu-ai-act-and-governance-that-scales","https://digital-strategy.ec.europa.eu/en/policies/regulatory-framework-ai","EDITORIAL","EDIT_EXT","1","1","3/3","3/3","retained","600","7442","p","1"
"https://siliconplanet.com/en/blog/establishing-ai-compliance-that-actually-works-risk-classes-eu-ai-act-and-governance-that-scales","https://eur-lex.europa.eu/eli/reg/2024/1689/oj/eng","EDITORIAL","NOMAJ","1","1","1/3","3/3","retained","600","7442","p","1"
"https://silverregulatoryassociates.com/responsible-ai-or-regulatory-risk-a-playbook-for-private-fund-managers","https://artificialintelligenceact.eu/","EDITORIAL","EDIT_EXT","1","1","3/3","3/3","retained","600","7442","span","1"
"https://simoninstitute.ch/blog/post/artificial-intelligence-a-brief-on-risks-and-opportunities","https://artificialintelligenceact.eu/","EDITORIAL","EDIT_EXT","1","1","3/3","3/3","retained","600","7442","li","1"
"https://sloanreview.mit.edu/panelist/linda-leopold","https://sloanreview.mit.edu/article/organizations-face-challenges-in-timely-compliance-with-the-eu-ai-act","NAV","DATA_LISTING","1","0","2/3","3/3","retained","600","7442","td","0"
"https://snapanalytics.co.uk/insights/4-key-eu-ai-act-insights-for-data-engineers","https://europarl.europa.eu/topics/en/article/20230601STO93804/eu-ai-act-first-regulation-on-artificial-intelligence","EDITORIAL","REF_BIB","1","1","2/3","3/3","eliminated","943","8559","p","1"
"https://sociallab.ai/eu-ai-act-compliance","https://digital-strategy.ec.europa.eu/en/policies/regulatory-framework-ai","EDITORIAL","EDIT_EXT","1","1","3/3","3/3","eliminated","943","8559","p","1"
"https://softwareimprovementgroup.com/blog/eu-ai-act-summary","https://europarl.europa.eu/topics/en/article/20230601STO93804/eu-ai-act-first-regulation-on-artificial-intelligence","EDITORIAL","EDIT_EXT","1","1","3/3","3/3","retained","600","7442","p","1"
"https://softwareseni.com/eu-ai-act-nist-ai-rmf-and-iso-42001-compared-which-framework-to-implement-first","https://digital-strategy.ec.europa.eu/en/policies/regulatory-framework-ai","EDITORIAL","EDIT_EXT","1","1","2/3","3/3","retained","600","7442","p","1"
"https://softwareseni.com/eu-ai-act-nist-ai-rmf-and-iso-42001-compared-which-framework-to-implement-first","https://kennedyslaw.com/en/thought-leadership/article/2025/key-insights-into-ai-regulations-in-the-eu-and-the-us-navigating-the-evolving-landscape","EDITORIAL","EDIT_EXT","1","1","3/3","3/3","eliminated","943","8559","p","1"
"https://softwareseni.com/how-ai-regulation-differs-between-the-us-eu-and-australia-a-practical-comparison","https://kennedyslaw.com/en/thought-leadership/article/2025/key-insights-into-ai-regulations-in-the-eu-and-the-us-navigating-the-evolving-landscape","EDITORIAL","EDIT_EXT","1","1","3/3","3/3","retained","600","7442","p","1"
"https://solutionshub.im/post/one-year-into-the-eu-ai-act-and-the-ai-world-looks-different","https://solutionshub.im/post/gambling-ai-one-year-into-the-eu-ai-act","RECO","RECO","1","0","3/3","2/3","eliminated","943","8559","div","0"
"https://sombrainc.com/blog/ai-regulations-2026-eu-ai-act","https://commission.europa.eu/news-and-media/news/ai-act-enters-force-2024-08-01_en","EDITORIAL","EDIT_EXT","1","1","3/3","3/3","retained","600","7442","p","1"
"https://sonatype.com/resources/guides/ai-regulations-in-software-development","https://artificialintelligenceact.eu/","EDITORIAL","EDIT_EXT","1","1","3/3","3/3","retained","600","7442","p","1"
"https://sonatype.com/resources/guides/ai-regulations-in-software-development","https://ised-isde.canada.ca/site/innovation-better-canada/en/artificial-intelligence-and-data-act-aida-companion-document","EDITORIAL","EDIT_EXT","1","1","3/3","3/3","retained","600","7442","p","1"
"https://sovy.com/blog/gdpr-and-ai","https://sovy.com/blog/eu-ai-act-enforcement-date","RECO","RECO","1","0","3/3","3/3","eliminated","943","8559","div","0"
"https://spectrum.ieee.org/ai-regulation-worldwide","https://nytimes.com/2023/05/16/technology/openai-altman-artificial-intelligence-regulation.html","EDITORIAL","EDIT_EXT","1","1","3/3","3/3","retained","600","7442","p","1"
"https://srinstitute.utoronto.ca/news/global-ai-safety-and-governance","https://srinstitute.utoronto.ca/news/cifar-ai-insights-policy-regulatory-transformation","NAV","NAV","0","0","3/3","3/3","eliminated","943","8559","section","0"
"https://statescoop.com/colorado-ag-delaying-ai-law-xai-lawsuit","https://statescoop.com/ai-safety-bill-tennessee-amended-by-white-house","RECO","RECO","1","0","3/3","3/3","eliminated","943","8559","h3","0"
"https://statescoop.com/congress-state-ai-law-preemption-child-safety-bills","https://time.com/7335962/banning-ai-regulation-endanger-kids","EDITORIAL","EDIT_EXT","1","1","3/3","3/3","retained","600","7442","p","1"
"https://statewatch.org/news/2024/april/the-eu-migration-pact-a-dangerous-regime-of-migrant-surveillance","https://protectnotsurveil.eu/","EDITORIAL","EDIT_EXT","1","1","3/3","3/3","eliminated","943","8559","strong","1"
"https://stephensonharwood.com/insights/neural-network-may-2026","https://stephensonharwood.com/insights/neural-network-january-2026","RECO","RECO","0","0","3/3","2/3","eliminated","943","8559","div","0"
"https://stibbe.com/publications-and-insights/the-current-status-of-the-ai-act-navigating-the-future-of-ai-regulation","https://digital-strategy.ec.europa.eu/en/library/commission-publishes-guidelines-ai-system-definition-facilitate-first-ai-acts-rules-application","EDITORIAL","EDIT_EXT","1","1","3/3","3/3","retained","600","7442","p","1"
"https://stimson.org/2025/south-koreas-evolving-ai-regulations","https://digital-strategy.ec.europa.eu/en/policies/regulatory-framework-ai","EDITORIAL","EDIT_EXT","1","1","3/3","3/3","retained","600","7442","p","1"
"https://stimson.org/2025/south-koreas-evolving-ai-regulations","https://fpf.org/blog/south-koreas-new-ai-framework-act-a-balancing-act-between-innovation-and-regulation","EDITORIAL","EDIT_EXT","1","1","3/3","3/3","retained","600","7442","p","1"
"https://stimson.org/2025/the-uncertain-future-of-ai-regulation-in-a-second-trump-term","https://whitehouse.gov/fact-sheets/2025/01/fact-sheet-president-donald-j-trump-takes-action-to-enhance-americas-ai-leadership","EDITORIAL","EDIT_EXT","1","1","3/3","3/3","retained","600","7442","p","1"
"https://stoel.com/insights/publications/the-24-hour-ai-news-cycle-a-snapshot-a-trend-and-a-brief-look-ahead","https://artificialintelligenceact.eu/","EDITORIAL","EDIT_EXT","1","1","3/3","3/3","eliminated","943","8559","li","1"
"https://stp.one/en/blog/classify-or-fail-mastering-ai-risk-compliance-in-the-eu-ai-act","https://stp.one/en/blog/ai-compliance-strategy-how-companies-and-law-firms-can-establish-future-proof-ai-governance","","NOMAJ","1","0","1/3","3/3","eliminated","943","8559","li","0"
"https://suppliershield.com/post/what-is-the-eu-ai-act-complete-guide-2025","https://bsr.org/en/blog/the-eu-ai-act-where-do-we-stand-in-2025","EDITORIAL","NOMAJ","1","1","1/3","3/3","retained","600","7442","li","1"
"https://suppliershield.com/post/what-is-the-eu-ai-act-complete-guide-2025","https://gtlaw.com/en/insights/2025/7/eu-ai-act-key-compliance-considerations-ahead-of-august-2025","EDITORIAL","NOMAJ","1","1","1/3","3/3","eliminated","943","8559","li","1"
"https://surfshark.com/research/study/ai-legislation?srsltid=AfmBOoqIG6lg7P1Uac6ZHsqGEHNFkBMPLRFH1Z_Iix_sS25m5iaQgAfq","https://digital-strategy.ec.europa.eu/en/policies/regulatory-framework-ai","EDITORIAL","EDIT_EXT","1","1","2/3","3/3","retained","600","7442","div","1"
"https://symmetrycompliance.ie/gpai-assessment-framework","https://symmetrycompliance.ie/what-is-gpai-eu-ai-act-guide","RECO","RECO","1","0","3/3","3/3","eliminated","943","8559","div","0"
"https://taiuru.co.nz/artificial-intelligence-regulation-from-a-maori-perspective","https://artificialintelligenceact.eu/","EDITORIAL","EDIT_EXT","1","1","2/3","3/3","retained","600","7442","li","1"
"https://tamr.com/blog/breaking-down-the-eu-artificial-intelligence-act-what-businesses-need-to-know-and-do","https://artificialintelligenceact.eu/","EDITORIAL","EDIT_EXT","1","1","3/3","3/3","retained","600","7442","p","1"
"https://tamr.com/blog/breaking-down-the-eu-artificial-intelligence-act-what-businesses-need-to-know-and-do","https://digital-strategy.ec.europa.eu/en/policies/regulatory-framework-ai","EDITORIAL","EDIT_EXT","1","1","3/3","3/3","retained","600","7442","p","1"
"https://tandfonline.com/doi/abs/10.1080/09700161.2023.2288994","https://brookings.edu/articles/the-geopolitics-of-ai-and-the-rise-of-digital-sovereignty","EDITORIAL","REF_BIB","1","1","3/3","3/3","retained","600","7442","p","1"
"https://tandfonline.com/doi/full/10.1080/07036337.2024.2377200","https://papers.ssrn.com/sol3/papers.cfm?abstract_id=4592006","EDITORIAL","REF_BIB","1","1","3/3","3/3","retained","600","7442","span","1"
"https://tandfonline.com/doi/full/10.1080/09662839.2025.2570806","https://carnegieendowment.org/research/2024/07/governing-military-ai-amid-a-geopolitical-minefield","EDITORIAL","REF_BIB","1","1","3/3","3/3","retained","600","7442","span","1"
"https://tandfonline.com/doi/full/10.1080/17579961.2025.2470589","https://europarl.europa.eu/news/en/press-room/20240308IPR19015/artificial-intelligence-act-meps-adopt-landmark-law","EDITORIAL","REF_BIB","1","1","3/3","3/3","retained","600","7442","p","1"
"https://tandfonline.com/doi/full/10.1080/21582041.2023.2293822","https://theguardian.com/technology/2023/nov/02/five-takeaways-uk-ai-safety-summit-bletchley-park-rishi-sunak","EDITORIAL","REF_BIB","1","1","3/3","3/3","retained","600","7442","span","1"
"https://tandfonline.com/doi/full/10.1080/23311886.2025.2560654","https://europarl.europa.eu/topics/en/article/20230601STO93804/eu-ai-act-first-regulation-on-artificial-intelligence","EDITORIAL","REF_BIB","1","1","3/3","3/3","retained","600","7442","span","1"
"https://taylorwessing.com/en/insights-and-events/insights/2024/05/ai-act-und-copyright","https://taylorwessing.com/en/insights-and-events/insights/artificial-intelligence-act","EDITORIAL","EDIT_INT","1","1","3/3","3/3","retained","600","7442","p","0"
"https://taylorwessing.com/en/insights-and-events/insights/2025/07/update-ai-act","https://taylorwessing.com/en/insights-and-events/insights/2026/02/german-ai-market-surveillance-and-innovation-promotion-act","RECO","RECO","1","0","3/3","3/3","eliminated","943","8559","div","0"
"https://taylorwessing.com/en/insights-and-events/insights/2026/02/german-ai-market-surveillance-and-innovation-promotion-act","https://taylorwessing.com/fr/insights-and-events/insights/2026/02/german-ai-market-surveillance-and-innovation-promotion-act","NAV","NAV","0","0","3/3","3/3","eliminated","943","8559","li","0"
"https://taylorwessing.com/en/interface/2023/ai---are-we-getting-the-balance-between-regulation-and-innovation-right/ai-regulation-around-the-world","https://taylorwessing.com/en/interface/2023/ai---are-we-getting-the-balance-between-regulation-and-innovation-right/does-ai-enhance-the-risk-of-dark-patterns-and-how-does-eu-law-regulate-them","RECO","RECO","1","0","2/3","3/3","eliminated","943","8559","p","0"
"https://taylorwessing.com/en/synapse/2025/ai-in-life-sciences","https://taylorwessing.com/en/synapse/2025/ai-in-life-sciences/the-regulation-of-clinical-trials-in-which-ai-is-deployed","ADS","ADS","1","0","2/3","3/3","eliminated","943","8559","div","0"
"https://techclass.com/resources/learning-and-development-articles/the-eu-ai-act-and-ai-literacy-why-every-employee-needs-training-now","https://rexx-systems.com/news-en/eu-ai-act-these-are-the-new-regulations-from-august-of-2025","EDITORIAL","REF_BIB","1","1","2/3","3/3","eliminated","943","8559","li","1"
"https://techcrunch.com/2025/03/11/eu-ai-act-latest-draft-code-for-ai-model-makers-tiptoes-towards-gentler-guidance-for-big-ai","https://techcrunch.com/2024/11/16/eu-ai-act-everything-you-need-to-know","EDITORIAL","EDIT_INT","1","1","3/3","3/3","retained","600","7442","p","0"
"https://techhq.com/news/what-will-the-eu-ai-act-say","https://europarl.europa.eu/news/en/press-room/20231206IPR15699/artificial-intelligence-act-deal-on-comprehensive-rules-for-trustworthy-ai","EDITORIAL","EDIT_EXT","1","1","3/3","3/3","retained","600","7442","p","1"
"https://techmonitor.ai/ai-and-automation/the-state-of-ai-regulation-around-the-world","https://adalovelaceinstitute.org/report/regulating-ai-in-the-uk","EDITORIAL","EDIT_EXT","1","1","3/3","3/3","retained","600","7442","p","1"
"https://technologyslegaledge.com/2025/11/state-of-the-act-eu-ai-act-implementation-in-key-member-states","https://technologyslegaledge.com/2026/03/germanys-ai-implementation-act","RECO","RECO","1","0","3/3","3/3","eliminated","943","8559","div","0"
"https://techpolicy.press/a-false-confidence-in-the-eu-ai-act-epistemic-gaps-and-bureaucratic-traps","https://techpolicy.press/how-us-firms-are-weakening-the-eu-ai-code-of-practice","RECO","RECO","1","0","3/3","3/3","eliminated","943","8559","div","0"
"https://techpolicy.press/ai-acts-passage-and-lessons-for-us-policymakers","https://accessnow.org/whats-not-in-the-eu-ai-act-deal","EDITORIAL","EDIT_EXT","1","1","3/3","3/3","retained","600","7442","p","1"
"https://techpolicy.press/ai-hype-and-the-capture-of-eu-ai-regulation","https://corporateeurope.org/en/2026/01/article-article-how-big-tech-shaped-eus-roll-back-digital-rights","EDITORIAL","EDIT_EXT","1","1","3/3","3/3","retained","600","7442","p","1"
"https://techpolicy.press/at-paris-ai-summit-us-eu-other-nations-lay-out-divergent-goals","https://techpolicy.press/the-paris-ai-action-summit-a-pivotal-moment-to-reclaim-ai-from-big-tech","RECO","RECO","1","0","2/3","3/3","eliminated","943","8559","div","0"
"https://techpolicy.press/brazils-ai-law-faces-uncertain-future-as-big-tech-warms-to-trump","https://reuters.com/technology/artificial-intelligence/trump-revokes-biden-executive-order-addressing-ai-risks-2025-01-21","EDITORIAL","EDIT_EXT","1","1","3/3","3/3","retained","600","7442","p","1"
"https://techpolicy.press/december-2025-us-tech-policy-roundup","https://statescoop.com/trump-state-ai-executive-order-ban","EDITORIAL","EDIT_EXT","1","1","3/3","3/3","retained","600","7442","p","1"
"https://techpolicy.press/december-2025-us-tech-policy-roundup","https://techpolicy.press/how-might-trumps-ai-executive-order-impact-state-laws-regulating-nonconsensual-deepfakes","EDITORIAL","EDIT_INT","1","1","2/3","3/3","retained","600","7442","li","0"
"https://techpolicy.press/democratic-ai-demands-good-policy-and-ethical-development","https://europarl.europa.eu/topics/en/article/20230601STO93804/eu-ai-act-first-regulation-on-artificial-intelligence","EDITORIAL","EDIT_EXT","1","1","3/3","3/3","retained","600","7442","p","1"
"https://techpolicy.press/eus-ai-act-delays-let-highrisk-systems-dodge-oversight","https://techpolicy.press/vietnams-new-ai-law-balances-innovation-push-with-tight-state-control","RECO","RECO","1","0","3/3","3/3","eliminated","943","8559","div","0"
"https://techpolicy.press/eus-role-in-teen-ai-safety-as-openai-and-meta-roll-out-controls","https://europarl.europa.eu/topics/en/article/20230601STO93804/eu-ai-act-first-regulation-on-artificial-intelligence","EDITORIAL","EDIT_EXT","1","1","3/3","3/3","retained","600","7442","p","1"
"https://techpolicy.press/expert-perspectives-on-10-year-moratorium-on-enforcement-of-us-state-ai-laws","https://cdt.org/insights/faq-on-colorados-consumer-artificial-intelligence-act-sb-24-205","EDITORIAL","EDIT_EXT","1","1","3/3","3/3","retained","600","7442","p","1"
"https://techpolicy.press/governments-want-to-ease-ai-regulation-for-innovation-but-do-citizens-agree","https://corporateeurope.org/en/2025/04/coded-privileged-access","EDITORIAL","EDIT_EXT","1","1","3/3","3/3","retained","600","7442","p","1"
"https://techpolicy.press/how-elon-musks-influence-could-shift-us-ai-regulation-under-the-trump-administration","https://techpolicy.press/us-election-what-the-democratic-and-republican-parties-say-about-tech-policy","EDITORIAL","EDIT_INT","1","1","3/3","3/3","retained","600","7442","p","0"
"https://techpolicy.press/how-to-regulate-unsecured-opensource-ai-no-exemptions","https://cigionline.org/articles/voluntary-curbs-arent-enough-ai-risk-requires-a-binding-international-treaty","EDITORIAL","EDIT_EXT","1","1","3/3","3/3","retained","600","7442","li","1"
"https://techpolicy.press/how-trumps-ai-executive-order-gets-it-wrong-on-civil-rights","https://techpolicy.press/following-trump-executive-order-on-ai-congress-must-act","RECO","RECO","1","0","3/3","3/3","eliminated","943","8559","div","0"
"https://techpolicy.press/how-trumps-ai-policy-promotes-ethnonationalism","https://techpolicy.press/expert-predictions-on-whats-at-stake-in-ai-policy-in-2026","RECO","RECO","1","0","3/3","3/3","eliminated","943","8559","div","0"
"https://techpolicy.press/its-back-congress-gears-up-for-yearend-fight-over-moratorium-on-ai-laws","https://techpolicy.press/proposed-moratorium-on-us-state-ai-laws-is-shortsighted-and-illconceived","RECO","RECO","1","0","3/3","3/3","eliminated","943","8559","div","0"
"https://techpolicy.press/july-2025-us-tech-policy-roundup","https://techpolicy.press/unpacking-trumps-ai-action-plan-gutting-rules-and-speeding-rollout","EDITORIAL","EDIT_INT","1","1","3/3","3/3","retained","600","7442","p","0"
"https://techpolicy.press/making-sense-of-ai-policy-using-computational-tools","https://techpolicy.press/expert-predictions-on-whats-at-stake-in-ai-policy-in-2026","RECO","RECO","1","0","3/3","3/3","eliminated","943","8559","div","0"
"https://techpolicy.press/may-2025-us-tech-policy-roundup","https://techpolicy.press/transcript-us-house-subcommittee-hosts-hearing-on-ai-regulation-and-the-future-of-us-leadership","EDITORIAL","EDIT_INT","1","1","3/3","3/3","retained","600","7442","li","0"
"https://techpolicy.press/proposed-moratorium-on-us-state-ai-laws-is-shortsighted-and-illconceived","https://techpolicy.press/the-coming-year-of-ai-regulation-in-the-states","RECO","RECO","1","0","2/3","3/3","retained","600","7442","div","0"
"https://techpolicy.press/the-moral-lighthouse-artificial-intelligence-and-the-world-we-want","https://apnews.com/article/ai-regulation-state-moratorium-congress-39d1c8a0758ffe0242283bb82f66d51a","EDITORIAL","EDIT_EXT","1","1","3/3","3/3","retained","600","7442","p","1"
"https://techpolicy.press/the-white-house-wants-to-vet-ai-models-it-wont-solve-the-safety-problem","https://cato.org/commentary/why-ai-overregulation-could-kill-worlds-next-tech-revolution","EDITORIAL","EDIT_EXT","1","1","3/3","3/3","retained","600","7442","p","1"
"https://techpolicy.press/the-white-house-wants-to-vet-ai-models-it-wont-solve-the-safety-problem","https://techpolicy.press/how-trumps-ai-executive-order-gets-it-wrong-on-civil-rights","RECO","RECO","1","0","3/3","3/3","eliminated","943","8559","div","0"
"https://techpolicy.press/the-white-house-wants-to-vet-ai-models-it-wont-solve-the-safety-problem","https://techpolicy.press/the-trump-administrations-ai-policy-framework-has-an-ideology-it-just-wont-admit-it","RECO","RECO","1","0","3/3","3/3","retained","600","7442","div","0"
"https://techpolicy.press/us-house-passes-10year-moratorium-on-state-ai-laws","https://techpolicy.press/transcript-us-house-subcommittee-hosts-hearing-on-ai-regulation-and-the-future-of-us-leadership","EDITORIAL","EDIT_INT","1","1","3/3","3/3","retained","600","7442","p","0"
"https://techpolicy.press/what-the-eu-ai-omnibus-deal-changes-for-the-ai-act-and-what-lies-ahead","https://techpolicy.press/what-the-eus-new-ai-code-of-practice-means-for-labeling-deepfakes","RECO","RECO","1","0","3/3","3/3","eliminated","943","8559","div","0"
"https://techrepublic.com/article/news-eu-ai-act-explorer-guide","https://techrepublic.com/article/news-companies-request-eu-ai-act-delay","EDITORIAL","EDIT_INT","1","1","3/3","3/3","retained","600","7442","p","0"
"https://techrepublic.com/article/news-eu-ai-act-gpai-models","https://techrepublic.com/article/eu-ai-act-draft-law","EDITORIAL","EDIT_INT","1","1","3/3","3/3","retained","600","7442","p","0"
"https://techrepublic.com/article/news-eu-ai-act-gpai-models","https://techrepublic.com/article/eu-ai-act-legally-binding-requirements","EDITORIAL","EDIT_INT","1","1","2/3","3/3","retained","600","7442","li","0"
"https://techuk.org/resource/chatham-house-releases-nine-essays-on-achieving-responsible-ai-and-the-challenge-for-global-governance.html","https://chathamhouse.org/2024/06/artificial-intelligence-and-challenge-global-governance-OLD/summary","EDITORIAL","EDIT_EXT","1","1","3/3","3/3","retained","600","7442","p","1"
"https://termsfeed.com/blog/eu-ai-act","https://nortonrosefulbright.com/en/knowledge/publications/228538a2/preparing-for-change-how-businesses-can-thrive-under-the-eus-ai-act","EDITORIAL","EDIT_EXT","1","1","3/3","3/3","retained","600","7442","p","1"
"https://thebrightbyte.com/playbook/expertise/eu-ai-act-compliance-ai-agents","https://addleshawgoddard.com/en/insights/insights-briefings/2026/technology/eu-digital-omnibus-ai-update-council-parliament-agreed-positions","EDITORIAL","EDIT_LIST","1","1","3/3","3/3","eliminated","943","8559","em","1"
"https://theconversation.com/developments-in-ai-need-to-be-properly-regulated-as-the-world-scrambles-for-advantage-248404","https://kennedyslaw.com/en/thought-leadership/article/2024/financier-worldwide-ai-regulation-in-the-uk-and-eu","EDITORIAL","EDIT_EXT","1","1","2/3","3/3","retained","600","7442","p","1"
"https://theconversation.com/how-the-us-threw-out-any-concerns-about-ai-safety-within-days-of-donald-trump-coming-to-office-251659","https://euaiact.com/key-issue/3","EDITORIAL","EDIT_EXT","1","1","3/3","3/3","retained","600","7442","p","1"
"https://theconversation.com/the-eus-new-ai-rulebook-will-affect-businesses-and-consumers-in-the-uk-too-272467","https://theconversation.com/uk-governments-ai-plan-gives-a-glimpse-of-how-it-plans-to-regulate-the-technology-248140","EDITORIAL","EDIT_INT","1","1","2/3","3/3","retained","600","7442","strong","0"
"https://theconversation.com/the-move-toward-ai-deregulation-could-put-financial-markets-at-risk-251208","https://theconversation.com/how-the-us-threw-out-any-concerns-about-ai-safety-within-days-of-donald-trump-coming-to-office-251659","RECO","RECO","1","0","2/3","3/3","retained","600","7442","strong","0"
"https://theconversation.com/we-cant-ban-ai-but-we-can-build-the-guardrails-to-prevent-it-from-going-off-the-tracks-268172","https://privacyinternational.org/long-read/5682/toward-regulation-addressing-legal-void-facial-recognition-technology","EDITORIAL","EDIT_EXT","1","1","3/3","3/3","retained","600","7442","p","1"
"https://theconversation.com/whats-at-stake-in-trumps-executive-order-aiming-to-curb-state-level-ai-regulation-266668","https://lw.com/en/insights/texas-signs-responsible-ai-governance-act-into-law","EDITORIAL","EDIT_EXT","1","1","3/3","3/3","retained","600","7442","p","1"
"https://thecorporategovernanceinstitute.com/insights/news-analysis/the-eus-ai-act-boards-should-feel-the-urgency?srsltid=AfmBOoq5LQxxOg0-74jsIO4KycCseCbSwcSHcjGIvoEPd-KAGk2o9_nH","https://europarl.europa.eu/topics/en/article/20230601STO93804/eu-ai-act-first-regulation-on-artificial-intelligence","EDITORIAL","EDIT_EXT","1","1","3/3","3/3","retained","600","7442","p","1"
"https://theemployerreport.com/2025/01/ai-tug-of-war-trump-pulls-back-bidens-ai-plans","https://connectontech.bakermckenzie.com/ftc-cracks-down-on-deceptive-ai-practices","EDITORIAL","EDIT_EXT","1","1","3/3","3/3","retained","600","7442","p","1"
"https://theemployerreport.com/2026/03/what-the-march-20-national-ai-legislative-framework-means-for-us-employers-right-now","https://connectontech.bakermckenzie.com/lone-star-state-sends-responsible-artificial-intelligence-governance-act-to-governor-for-signature","EDITORIAL","EDIT_EXT","1","1","3/3","3/3","retained","600","7442","p","1"
"https://theemployerreport.com/2026/03/what-the-march-20-national-ai-legislative-framework-means-for-us-employers-right-now","https://theemployerreport.com/author/helena-engfeldt","OTHER","META_BYLINE","0","0","3/3","3/3","eliminated","943","8559","li","0"
"https://thefulcrum.us/media-technology/governing-ai-in-the-united-states","https://techpolicy.press/transcript-sam-altman-testifies-at-us-senate-hearing-on-ai-competitiveness","EDITORIAL","EDIT_EXT","1","1","3/3","3/3","retained","600","7442","p","1"
"https://thefuturesociety.org/aiagentsintheeu-17","https://thefuturesociety.org/policy-achievements-in-the-eu-ai-act","RECO","RECO","1","0","3/3","3/3","eliminated","943","8559","div","0"
"https://thefuturesociety.org/aicrisisexplainer","https://thefuturesociety.org/eu-frontier-ai-sovereignty-report","RECO","RECO","1","0","3/3","3/3","eliminated","943","8559","div","0"
"https://thefuturesociety.org/copthirddraft","https://thefuturesociety.org/cso-ai-governance-priorities","RECO","RECO","1","0","3/3","3/3","eliminated","943","8559","div","0"
"https://thefuturesociety.org/eu-ai-code-analysis","https://thefuturesociety.org/eu-frontier-ai-sovereignty-report","RECO","RECO","1","0","3/3","3/3","eliminated","943","8559","div","0"
"https://thefuturesociety.org/international-coordination-for-accountability-in-ai-governance-key-takeaways-from-the-sixth-edition-of-the-athens-roundtable-on-artificial-intelligence-and-the-rule-of-law","https://thefuturesociety.org/cso-ai-governance-priorities","RECO","RECO","1","0","3/3","3/3","eliminated","943","8559","div","0"
"https://thegoodlobby.eu/how-is-ai-shaping-public-participation","https://commission.europa.eu/publications/artificial-intelligence-european-commission-aiec-communication_en","EDITORIAL","EDIT_EXT","1","1","3/3","3/3","retained","600","7442","p","1"
"https://thelancet.com/journals/lanepe/article/PIIS2666-7762(23)00096-0/fulltext","https://cnbc.com/2023/06/14/eu-lawmakers-pass-landmark-artificial-intelligence-regulation.html","EDITORIAL","EDIT_EXT","0","0","3/3","2/3","retained","600","7442","div","1"
"https://thelegalwire.ai/ai-hub","https://newsletter.thelegalwire.ai/p/eu-ai-act","NAV","NAV","1","0","3/3","2/3","eliminated","943","8559","li","1"
"https://thelegalwire.ai/japan-government-to-investigate-sexual-deepfake-issue-with-plans-to-assess-situation-based-on-2025-ai-law","https://newsletter.thelegalwire.ai/p/eu-ai-act","NAV","NAV","0","0","3/3","2/3","eliminated","943","8559","li","1"
"https://themodernregulator.com/canadas-ai-regulation-capability-gap","https://montrealethics.ai/the-death-of-canadas-artificial-intelligence-and-data-act-what-happened-and-whats-next-for-ai-regulation-in-canada","EDITORIAL","EDIT_EXT","1","1","3/3","3/3","retained","600","7442","p","1"
"https://theodi.org/news-and-events/blog/policy-intervention-1-increase-transparency-around-the-data-used-to-train-ai-models","https://beyer.house.gov/news/documentsingle.aspx?DocumentID=6052","EDITORIAL","EDIT_EXT","1","1","3/3","3/3","retained","600","7442","p","1"
"https://thepolicycircle.org/minibrief/ai-tech-policy-regulation","https://brennancenter.org/our-work/analysis-opinion/congress-shouldnt-stop-states-regulating-ai-especially-no-alternative","EDITORIAL","EDIT_EXT","1","1","3/3","3/3","retained","600","7442","p","1"
"https://thepolicycircle.org/minibrief/ai-tech-policy-regulation","https://brookings.edu/articles/balancing-market-innovation-incentives-and-regulation-in-ai-challenges-and-opportunities","EDITORIAL","EDIT_EXT","1","1","3/3","3/3","retained","600","7442","p","1"
"https://thepolicycircle.org/minibrief/ai-tech-policy-regulation","https://naag.org/attorney-general-journal/a-deep-dive-into-colorados-artificial-intelligence-act","EDITORIAL","EDIT_EXT","1","1","3/3","3/3","eliminated","943","8559","li","1"
"https://theregreview.org/2024/03/23/the-rise-of-ai-and-technology-in-immigration-enforcement","https://artificialintelligenceact.eu/","EDITORIAL","EDIT_EXT","1","1","2/3","3/3","retained","600","7442","p","1"
"https://theucdlawreview.com/2025/04/22/ai-and-the-global-financial-system-innovative-risks-and-regulatory-challenges","https://brookings.edu/articles/the-eu-and-us-diverge-on-ai-regulation-a-transatlantic-comparison-and-steps-to-alignment","EDITORIAL","REF_BIB","1","1","2/3","3/3","retained","600","7442","p","1"
"https://thezvi.substack.com/p/ai-14-a-very-good-sentence","https://nytimes.com/2023/05/30/technology/ai-threat-warning.html","EDITORIAL","EDIT_EXT","1","1","3/3","3/3","retained","600","7442","p","1"
"https://thomsonreuters.com/en-us/posts/government/ai-use-government-agencies","https://nytimes.com/2023/07/21/us/politics/ai-regulation-biden.html","EDITORIAL","EDIT_EXT","1","1","3/3","3/3","retained","600","7442","p","1"
"https://thoropass.com/blog/eu-ai-act","https://artificialintelligenceact.eu/ai-act-implementation-next-steps","EDITORIAL","EDIT_EXT","1","1","3/3","3/3","retained","600","7442","p","1"
"https://time.com/6288245/openai-eu-lobbying-ai-act","https://time.com/6273694/ai-regulation-europe","EDITORIAL","EDIT_INT","1","1","3/3","3/3","retained","600","7442","p","0"
"https://time.com/6338602/eu-ai-regulation-foundation-models","https://digital-strategy.ec.europa.eu/en/policies/regulatory-framework-ai","EDITORIAL","EDIT_EXT","1","1","3/3","3/3","retained","600","7442","p","1"
"https://time.com/6340388/eu-ai-act-kersti-kaljulaid","https://time.com/6338602/eu-ai-regulation-foundation-models","EDITORIAL","EDIT_INT","1","1","3/3","3/3","retained","600","7442","p","0"
"https://time.com/6727264/house-artificial-intelligence-task-force","https://time.com/6330652/biden-ai-order","EDITORIAL","EDIT_INT","1","1","3/3","3/3","retained","600","7442","p","0"
"https://time.com/7335962/banning-ai-regulation-endanger-kids","https://theverge.com/ai-artificial-intelligence/824608/trump-executive-order-ai-state-laws","EDITORIAL","EDIT_EXT","1","1","2/3","3/3","retained","600","7442","p","1"
"https://timelex.eu/en/blog/eus-newly-published-artificial-intelligence-act-overview-6-questions","https://cnil.fr/en/entry-force-european-ai-regulation-first-questions-and-answers-cnil","OTHER","X_OTHER","1","0","2/3","3/3","retained","600","7442","p","1"
"https://timeshighereducation.com/news/looming-eu-ai-act-could-force-universities-change-everything","https://eua.eu/publications/reports/adopting-ai-that-serves-the-needs-and-values-of-universities.html","EDITORIAL","EDIT_EXT","1","1","3/3","3/3","retained","600","7442","p","1"
"https://tnpa.org/get-involved/artificial-intelligence","https://whitehouse.gov/releases/2026/03/president-donald-j-trump-unveils-national-ai-legislative-framework","EDITORIAL","EDIT_EXT","1","1","3/3","3/3","retained","600","7442","span","1"
"https://tomshardware.com/tech-industry/artificial-intelligence/trump-administration-considers-mandatory-pre-release-vetting-of-ai-models","https://tomshardware.com/tech-industry/artificial-intelligence/white-house-considers-mandatory-government-vetting-of-ai-models-before-release","RECO","RECO","1","0","3/3","3/3","eliminated","943","8559","li","0"
"https://tomshardware.com/tech-industry/artificial-intelligence/white-house-considers-mandatory-government-vetting-of-ai-models-before-release","https://tomshardware.com/tech-industry/artificial-intelligence/trump-administration-considers-mandatory-pre-release-vetting-of-ai-models","EDITORIAL","EDIT_INT","1","1","3/3","2/3","eliminated","943","8559","p","0"
"https://towardsdatascience.com/regulating-generative-ai-e8b22525d71a","https://nytimes.com/2023/07/21/us/politics/ai-regulation-biden.html","OTHER","X_OTHER","1","0","2/3","3/3","retained","600","7442","p","1"
"https://trail-ml.com/blog/ai-iso-standards-landscape","https://trail-ml.com/blog","NAV","NAV","0","0","3/3","3/3","eliminated","943","8559","div","0"
"https://trail-ml.com/blog/building-ai-literacy-under-the-ai-act-best-practices","https://trail-ml.com/blog","NAV","NAV","0","0","3/3","2/3","eliminated","943","8559","div","0"
"https://trail-ml.com/blog/eu-ai-act-how-risk-is-classified","https://trail-ml.com/blog/eu-ai-act-brief-overview","EDITORIAL","EDIT_INT","1","1","3/3","2/3","retained","600","7442","p","0"
"https://transcend.io/blog/ai-regulation","https://hai.stanford.edu/news/analyzing-european-union-ai-act-what-works-what-needs-improvement","EDITORIAL","EDIT_EXT","1","1","2/3","3/3","eliminated","943","8559","li","1"
"https://transparencycoalition.ai/news/guide-to-congress-proposed-10-year-moratorium-on-state-ai-laws","https://cimplifi.com/resources/the-updated-state-of-ai-regulations-for-2025","EDITORIAL","EDIT_EXT","1","1","3/3","3/3","retained","600","7442","p","1"
"https://transparencyhub.ai/guidance.html","https://transparencyhub.ai/eu-ai-act.html","NAV","NAV","0","0","3/3","2/3","eliminated","943","8559","li","0"
"https://traverssmith.com/knowledge/knowledge-container/the-eu-ai-act-what-you-need-to-know","https://traverssmith.com/knowledge/knowledge-container/the-eu-ai-acts-ai-literacy-requirement-key-considerations","EDITORIAL","EDIT_INT","1","1","3/3","3/3","retained","600","7442","p","0"
"https://trilateralresearch.com/artificial-intelligence/ai-audits-how-do-you-implement-the-eu-ai-act","https://trilateralresearch.com/emerging-technology/eu-ai-act-a-guide-to-the-first-artificial-intelligence-act","EDITORIAL","EDIT_INT","1","1","3/3","3/3","retained","600","7442","span","0"
"https://trusaic.com/blog/navigating-the-eu-ai-act-from-a-pay-equity-perspective","https://europarl.europa.eu/topics/en/article/20230601STO93804/eu-ai-act-first-regulation-on-artificial-intelligence","EDITORIAL","EDIT_EXT","1","1","3/3","3/3","retained","600","7442","p","1"
"https://trust.org/toolkit/ai-governance-for-africa-part-1/6-ai-governance-in-europe","https://ecnl.org/news/packed-loopholes-why-ai-act-fails-protect-civic-space-and-rule-law","EDITORIAL","REF_BIB","1","1","2/3","3/3","retained","600","7442","p","1"
"https://trust.org/toolkit/ai-governance-for-africa-part-1/6-ai-governance-in-europe","https://trust.org/toolkit/ai-governance-for-africa-part-1/5-emerging-ai-governance-approaches","NAV","NAV","0","0","2/3","3/3","eliminated","943","8559","div","0"
"https://trustarc.com/resource/data-protection-responsible-generative-ai-use","https://trustarc.com/resource/generative-ai-changing-data-privacy-expectations","EDITORIAL","EDIT_INT","1","1","2/3","3/3","retained","600","7442","p","0"
"https://trustarc.com/resource/navigating-algorithmic-accountability-in-ai","https://trustarc.com/resource/ai-ethics-with-privacy-compliance","EDITORIAL","EDIT_INT","1","1","3/3","3/3","retained","600","7442","p","0"
"https://trustible.ai/post/3-levels-of-ai-governance-it-s-not-just-about-the-models","https://trustible.ai/post/the-trustible-story","NAV","NAV","0","0","3/3","3/3","eliminated","943","8559","div","0"
"https://twobirds.com/en/insights/2023/global/impact-of-the-eus-ai-act-proposal-on-automated-and-autonomous-vehicles","https://twobirds.com/en/trending-topics/generative-ai","ADS","ADS","1","0","2/3","3/3","eliminated","943","8559","li","0"
"https://twobirds.com/en/trending-topics/digital-regulations/artificial-intelligence-regulation","https://twobirds.com/en/trending-topics/digital-regulations/data-policy-and-regulation","RECO","RECO","0","0","2/3","2/3","eliminated","943","8559","div","0"
"https://txwes.edu/blog/ethics-of-ai-balancing-responsibility-with-innovation","https://artificialintelligenceact.eu/","EDITORIAL","EDIT_EXT","1","1","3/3","3/3","retained","600","7442","p","1"
"https://unmannedairspace.info/uncategorized/what-the-new-european-union-artificial-intelligence-act-will-mean-for-drones-utm-and-evtol-operations","https://ec.europa.eu/commission/presscorner/detail/en/ip_23_6473","EDITORIAL","EDIT_EXT","1","1","3/3","3/3","retained","600","7442","p","1"
"https://upi.com/Top_News/World-News/2024/03/13/eu-ai-law/9251710337248","https://europarl.europa.eu/news/en/press-room/20240308IPR19015/artificial-intelligence-act-meps-adopt-landmark-law","EDITORIAL","EDIT_EXT","1","1","3/3","3/3","retained","600","7442","p","1"
"https://urmconsulting.com/blog/establishing-organisational-control-over-artificial-intelligence","https://urmconsulting.com/blog/iso-42001-artificial-intelligence-impact-assessments-aiias","RECO","RECO","1","0","3/3","3/3","retained","600","7442","div","0"
"https://us.boell.org/en/2025/12/19/ai-deregulation-sweeps-both-sides-atlantic","https://politico.eu/article/eu-to-propose-delay-of-key-part-of-landmark-ai-law-by-one-year","EDITORIAL","EDIT_EXT","1","1","3/3","3/3","retained","600","7442","p","1"
"https://usatoday.com/story/news/politics/2025/04/23/trump-order-artificial-intelligence-schools-ai/83230792007","https://washingtonpost.com/education/2025/04/22/ai-schools-executive-order-trump-draft","EDITORIAL","EDIT_EXT","1","1","3/3","3/3","retained","600","7442","p","1"
"https://usresistnews.org/2025/12/27/trumps-ai-executive-order-and-the-federal-state-power-struggle","https://governing.com/artificial-intelligence/states-plan-to-continue-regulating-ai-despite-trumps-order","EDITORIAL","EDIT_EXT","1","1","3/3","3/3","retained","600","7442","p","1"
"https://valtioneuvosto.fi/-/1410877/eu-n-tekoalyasetuksen-ensimmaisen-vaiheen-toimeenpanon-lainsaadanto-eduskuntaan?languageId=en_US","https://valtioneuvosto.fi/en/-/1410877/government-submits-to-parliament-legislation-to-implement-the-first-phase-of-eu-artificial-intelligence-act","NAV","NAV","0","0","3/3","3/3","eliminated","943","8559","li","0"
"https://vanta.com/resources/ai-governance","https://vanta.com/resources/ai-compliance","RECO","RECO","1","0","3/3","3/3","eliminated","943","8559","div","0"
"https://vcresearch.berkeley.edu/news/researchers-propose-evidence-based-ai-policy-recommendations","https://cdss.berkeley.edu/news/berkeley-computer-science-researchers-propose-evidence-based-ai-policy-recommendations","OTHER","X_OTHER","1","0","2/3","2/3","retained","600","7442","figcaption","1"
"https://verfassungsblog.de/examining-the-eus-artificial-intelligence-act","https://hai.stanford.edu/news/how-promote-responsible-open-foundation-models","EDITORIAL","EDIT_EXT","1","1","3/3","3/3","retained","600","7442","p","1"
"https://verfassungsblog.de/the-eus-pacing-problem","https://europarl.europa.eu/committees/en/artificial-intelligence-act/product-details/20230417CDT11481","EDITORIAL","EDIT_EXT","1","1","3/3","3/3","retained","600","7442","p","1"
"https://verfassungsblog.de/the-gpai-code-of-practice","https://techpolicy.press/how-the-eus-voluntary-ai-code-is-testing-industry-and-regulators-alike","EDITORIAL","EDIT_EXT","1","1","3/3","3/3","retained","600","7442","p","1"
"https://verfassungsblog.de/the-gpai-code-of-practice","https://verfassungsblog.de/examining-the-eus-artificial-intelligence-act","EDITORIAL","EDIT_INT","1","1","3/3","3/3","retained","600","7442","p","0"
"https://veriff.com/fraud/learn/legal-frameworks-on-ai","https://veriff.com/fraud/learn/ai-executive-order","EDITORIAL","EDIT_INT","1","1","3/3","3/3","retained","600","7442","p","0"
"https://veriff.com/fraud/learn/legal-frameworks-on-ai","https://veriff.com/fraud/learn/the-european-union-ai-act-first-regulation-on-artificial-intelligence","EDITORIAL","EDIT_INT","1","1","3/3","3/3","retained","600","7442","p","0"
"https://verifywise.ai/lexicon/compliance-assurance-in-ai","https://artificialintelligenceact.eu/","EDITORIAL","EDIT_EXT","1","1","3/3","3/3","retained","600","7442","p","1"
"https://verifywise.ai/lexicon/compliance-by-design-for-ai","https://artificialintelligenceact.eu/","EDITORIAL","EDIT_EXT","1","1","3/3","3/3","retained","600","7442","p","1"
"https://verifywise.ai/lexicon/high-risk-ai-systems","https://verifywise.ai/lexicon/high-risk-use-cases-under-eu-ai-act","RECO","RECO","1","0","3/3","3/3","eliminated","943","8559","div","0"
"https://verifywise.ai/lexicon/international-ai-regulations-landscape","https://verifywise.ai/lexicon/jurisdictional-compliance-in-ai","RECO","RECO","1","0","3/3","3/3","eliminated","943","8559","div","0"
"https://verifywise.ai/lexicon/jurisdictional-compliance-in-ai","https://ainowinstitute.org/","EDITORIAL","EDIT_EXT","1","1","2/3","3/3","retained","600","7442","p","1"
"https://verifywise.ai/lexicon/jurisdictional-compliance-in-ai","https://verifywise.ai/blog/ai-regulation-middle-east","RECO","RECO","1","0","3/3","3/3","eliminated","943","8559","div","0"
"https://verifywise.ai/lexicon/jurisdictional-compliance-in-ai","https://verifywise.ai/blog/global-approaches-to-ai-governance-a-comparison","RECO","RECO","1","0","3/3","3/3","eliminated","943","8559","div","0"
"https://visier.com/blog/ai-regulations","https://europarl.europa.eu/topics/en/article/20230601STO93804/eu-ai-act-first-regulation-on-artificial-intelligence","EDITORIAL","EDIT_EXT","1","1","3/3","3/3","eliminated","943","8559","p","1"
"https://warden-ai.com/resources/how-the-eu-ai-act-impacts-hr-tech-platforms","https://digital-strategy.ec.europa.eu/en/policies/regulatory-framework-ai","EDITORIAL","EDIT_EXT","1","1","3/3","3/3","retained","600","7442","p","1"
"https://washingtonpost.com/politics/2026/03/20/trump-ai-state-law-ban","https://washingtonpost.com/technology/2025/12/11/trump-executive-order-ai-states","EDITORIAL","EDIT_INT","1","1","3/3","3/3","eliminated","943","8559","p","0"
"https://webuild-ai.com/insights/ai-compliance-what-enterprises-need-to-know-for-2026","https://artificialintelligenceact.eu/","EDITORIAL","EDIT_EXT","1","1","3/3","3/3","retained","600","7442","p","1"
"https://weforum.org/stories/2024/02/why-protecting-an-open-ai-ecosystem-should-be-a-cornerstone-of-technology-regulation","https://europarl.europa.eu/topics/en/article/20230601STO93804/eu-ai-act-first-regulation-on-artificial-intelligence","EDITORIAL","EDIT_EXT","1","1","3/3","3/3","eliminated","943","8559","p","1"
"https://welch.senate.gov/senators-to-create-guidelines-for-ai-systems-development","https://welch.senate.gov/welch-leads-the-trustworthy-by-design-a-i-act","EDITORIAL","EDIT_INT","1","1","3/3","3/3","retained","600","7442","p","0"
"https://whitecase.com/insight-alert/state-ai-laws-under-federal-scrutiny-key-takeaways-executive-order-establishing","https://whitecase.com/insight-our-thinking/ai-watch-global-regulatory-tracker","RECO","RECO","1","0","2/3","2/3","eliminated","943","8559","h6","0"
"https://whitecase.com/insight-our-thinking/ai-watch-global-regulatory-tracker","https://whitecase.com/insight-our-thinking/ai-watch-global-regulatory-tracker-african-union","RECO","RECO","1","0","2/3","3/3","eliminated","943","8559","div","0"
"https://whitecase.com/insight-our-thinking/ai-watch-global-regulatory-tracker","https://whitecase.com/insight-our-thinking/ai-watch-global-regulatory-tracker-council-europe","RECO","RECO","1","0","3/3","3/3","eliminated","943","8559","div","0"
"https://whitecase.com/insight-our-thinking/ai-watch-global-regulatory-tracker","https://whitecase.com/insight-our-thinking/ai-watch-global-regulatory-tracker-spain","RECO","RECO","1","0","2/3","3/3","eliminated","943","8559","div","0"
"https://whitecase.com/insight-our-thinking/ai-watch-global-regulatory-tracker","https://whitecase.com/insight-our-thinking/ai-watch-global-regulatory-tracker-united-states","RECO","RECO","1","0","2/3","3/3","eliminated","943","8559","div","0"
"https://whitecase.com/insight-our-thinking/ai-watch-global-regulatory-tracker-australia","https://whitecase.com/insight-our-thinking/ai-legal-news-summer-roundup-edition-1","EDITORIAL","EDIT_INT","1","1","2/3","3/3","eliminated","943","8559","li","0"
"https://whitecase.com/insight-our-thinking/ai-watch-global-regulatory-tracker-australia","https://whitecase.com/insight-our-thinking/ai-watch-global-regulatory-tracker-g7","RECO","RECO","1","0","2/3","3/3","eliminated","943","8559","div","0"
"https://whitecase.com/insight-our-thinking/ai-watch-global-regulatory-tracker-australia","https://whitecase.com/insight-our-thinking/ai-watch-global-regulatory-tracker-israel","RECO","RECO","1","0","2/3","3/3","eliminated","943","8559","div","0"
"https://whitecase.com/insight-our-thinking/ai-watch-global-regulatory-tracker-australia","https://whitecase.com/insight-our-thinking/ai-watch-global-regulatory-tracker-oecd","RECO","RECO","1","0","2/3","2/3","eliminated","943","8559","div","0"
"https://whitecase.com/insight-our-thinking/ai-watch-global-regulatory-tracker-australia","https://whitecase.com/insight-our-thinking/ai-watch-global-regulatory-tracker-switzerland","RECO","RECO","1","0","2/3","3/3","eliminated","943","8559","div","0"
"https://whitecase.com/insight-our-thinking/ai-watch-global-regulatory-tracker-brazil","https://whitecase.com/insight-our-thinking/ai-watch-global-regulatory-tracker-japan","RECO","RECO","1","0","2/3","3/3","eliminated","943","8559","div","0"
"https://whitecase.com/insight-our-thinking/ai-watch-global-regulatory-tracker-brazil","https://whitecase.com/insight-our-thinking/ai-watch-global-regulatory-tracker-south-africa","RECO","RECO","1","0","3/3","3/3","eliminated","943","8559","div","0"
"https://whitecase.com/insight-our-thinking/ai-watch-global-regulatory-tracker-canada","https://whitecase.com/insight-our-thinking/ai-watch-global-regulatory-tracker-colombia","ADS","ADS","1","0","2/3","3/3","eliminated","943","8559","div","0"
"https://whitecase.com/insight-our-thinking/ai-watch-global-regulatory-tracker-canada","https://whitecase.com/insight-our-thinking/ai-watch-global-regulatory-tracker-israel","RECO","RECO","1","0","3/3","3/3","eliminated","943","8559","div","0"
"https://whitecase.com/insight-our-thinking/ai-watch-global-regulatory-tracker-canada","https://whitecase.com/insight-our-thinking/ai-watch-global-regulatory-tracker-south-korea","RECO","RECO","1","0","2/3","3/3","eliminated","943","8559","div","0"
"https://whitecase.com/insight-our-thinking/ai-watch-global-regulatory-tracker-china","https://whitecase.com/insight-our-thinking/ai-watch-global-regulatory-tracker-czech-republic","RECO","RECO","1","0","3/3","3/3","eliminated","943","8559","div","0"
"https://whitecase.com/insight-our-thinking/ai-watch-global-regulatory-tracker-china","https://whitecase.com/insight-our-thinking/ai-watch-global-regulatory-tracker-france","RECO","RECO","1","0","3/3","3/3","eliminated","943","8559","div","0"
"https://whitecase.com/insight-our-thinking/ai-watch-global-regulatory-tracker-china","https://whitecase.com/insight-our-thinking/ai-watch-global-regulatory-tracker-nigeria","RECO","RECO","1","0","3/3","3/3","eliminated","943","8559","div","0"
"https://whitecase.com/insight-our-thinking/ai-watch-global-regulatory-tracker-china","https://whitecase.com/insight-our-thinking/ai-watch-global-regulatory-tracker-uae","RECO","RECO","1","0","3/3","3/3","eliminated","943","8559","div","0"
"https://whitecase.com/insight-our-thinking/ai-watch-global-regulatory-tracker-colombia","https://whitecase.com/insight-our-thinking/ai-watch-global-regulatory-tracker-italy","RECO","RECO","1","0","3/3","3/3","eliminated","943","8559","div","0"
"https://whitecase.com/insight-our-thinking/ai-watch-global-regulatory-tracker-colombia","https://whitecase.com/insight-our-thinking/ai-watch-global-regulatory-tracker-south-africa","RECO","RECO","1","0","3/3","3/3","eliminated","943","8559","div","0"
"https://whitecase.com/insight-our-thinking/ai-watch-global-regulatory-tracker-colombia","https://whitecase.com/insight-our-thinking/ai-watch-global-regulatory-tracker-united-kingdom","RECO","RECO","1","0","2/3","3/3","eliminated","943","8559","div","0"
"https://whitecase.com/insight-our-thinking/ai-watch-global-regulatory-tracker-council-europe","https://whitecase.com/insight-our-thinking/ai-watch-global-regulatory-tracker-brazil","RECO","RECO","1","0","3/3","3/3","eliminated","943","8559","div","0"
"https://whitecase.com/insight-our-thinking/ai-watch-global-regulatory-tracker-council-europe","https://whitecase.com/insight-our-thinking/ai-watch-global-regulatory-tracker-china","RECO","RECO","1","0","3/3","3/3","eliminated","943","8559","div","0"
"https://whitecase.com/insight-our-thinking/ai-watch-global-regulatory-tracker-council-europe","https://whitecase.com/insight-our-thinking/ai-watch-global-regulatory-tracker-colombia","RECO","RECO","1","0","2/3","3/3","eliminated","943","8559","div","0"
"https://whitecase.com/insight-our-thinking/ai-watch-global-regulatory-tracker-council-europe","https://whitecase.com/insight-our-thinking/ai-watch-global-regulatory-tracker-france","RECO","RECO","1","0","3/3","3/3","eliminated","943","8559","div","0"
"https://whitecase.com/insight-our-thinking/ai-watch-global-regulatory-tracker-council-europe","https://whitecase.com/insight-our-thinking/ai-watch-global-regulatory-tracker-switzerland","RECO","RECO","1","0","2/3","3/3","eliminated","943","8559","div","0"
"https://whitecase.com/insight-our-thinking/ai-watch-global-regulatory-tracker-council-europe","https://whitecase.com/insight-our-thinking/ai-watch-global-regulatory-tracker-uae","RECO","RECO","1","0","3/3","3/3","eliminated","943","8559","div","0"
"https://whitecase.com/insight-our-thinking/ai-watch-global-regulatory-tracker-czech-republic","https://whitecase.com/insight-our-thinking/ai-watch-global-regulatory-tracker-norway","RECO","RECO","1","0","2/3","3/3","eliminated","943","8559","div","0"
"https://whitecase.com/insight-our-thinking/ai-watch-global-regulatory-tracker-czech-republic","https://whitecase.com/insight-our-thinking/ai-watch-global-regulatory-tracker-united-kingdom","RECO","RECO","1","0","2/3","3/3","eliminated","943","8559","div","0"
"https://whitecase.com/insight-our-thinking/ai-watch-global-regulatory-tracker-hong-kong","https://whitecase.com/insight-our-thinking/ai-watch-global-regulatory-tracker-council-europe","","NOMAJ","1","0","1/3","3/3","eliminated","943","8559","div","0"
"https://whitecase.com/insight-our-thinking/ai-watch-global-regulatory-tracker-india","https://whitecase.com/insight-our-thinking/ai-watch-global-regulatory-tracker-colombia","RECO","RECO","1","0","2/3","3/3","eliminated","943","8559","div","0"
"https://whitecase.com/insight-our-thinking/ai-watch-global-regulatory-tracker-india","https://whitecase.com/insight-our-thinking/ai-watch-global-regulatory-tracker-israel","RECO","RECO","1","0","3/3","3/3","eliminated","943","8559","div","0"
"https://whitecase.com/insight-our-thinking/ai-watch-global-regulatory-tracker-israel","https://whitecase.com/insight-alert/pre-final-text-eus-ai-act-leaked-online","EDITORIAL","EDIT_INT","1","1","3/3","3/3","eliminated","943","8559","li","0"
"https://whitecase.com/insight-our-thinking/ai-watch-global-regulatory-tracker-israel","https://whitecase.com/insight-our-thinking/ai-watch-global-regulatory-tracker-australia","RECO","RECO","1","0","3/3","3/3","eliminated","943","8559","div","0"
"https://whitecase.com/insight-our-thinking/ai-watch-global-regulatory-tracker-israel","https://whitecase.com/insight-our-thinking/ai-watch-global-regulatory-tracker-singapore","RECO","RECO","1","0","2/3","3/3","eliminated","943","8559","div","0"
"https://whitecase.com/insight-our-thinking/ai-watch-global-regulatory-tracker-israel","https://whitecase.com/insight-our-thinking/ai-watch-global-regulatory-tracker-united-kingdom","RECO","RECO","1","0","3/3","3/3","eliminated","943","8559","div","0"
"https://whitecase.com/insight-our-thinking/ai-watch-global-regulatory-tracker-italy","https://whitecase.com/insight-our-thinking/ai-watch-global-regulatory-tracker-colombia","RECO","RECO","1","0","3/3","3/3","eliminated","943","8559","div","0"
"https://whitecase.com/insight-our-thinking/ai-watch-global-regulatory-tracker-italy","https://whitecase.com/insight-our-thinking/ai-watch-global-regulatory-tracker-israel","RECO","RECO","1","0","2/3","3/3","eliminated","943","8559","div","0"
"https://whitecase.com/insight-our-thinking/ai-watch-global-regulatory-tracker-italy","https://whitecase.com/insight-our-thinking/ai-watch-global-regulatory-tracker-united-states","RECO","RECO","1","0","2/3","3/3","eliminated","943","8559","div","0"
"https://whitecase.com/insight-our-thinking/ai-watch-global-regulatory-tracker-japan","https://whitecase.com/insight-our-thinking/ai-watch-global-regulatory-tracker","NAV","NAV","0","0","3/3","3/3","eliminated","943","8559","li","0"
"https://whitecase.com/insight-our-thinking/ai-watch-global-regulatory-tracker-nigeria","https://whitecase.com/insight-our-thinking/ai-watch-global-regulatory-tracker-france","ADS","ADS","1","0","2/3","2/3","eliminated","943","8559","div","0"
"https://whitecase.com/insight-our-thinking/ai-watch-global-regulatory-tracker-nigeria","https://whitecase.com/insight-our-thinking/ai-watch-global-regulatory-tracker-japan","RECO","RECO","1","0","2/3","3/3","eliminated","943","8559","div","0"
"https://whitecase.com/insight-our-thinking/ai-watch-global-regulatory-tracker-nigeria","https://whitecase.com/insight-our-thinking/ai-watch-global-regulatory-tracker-kenya","RECO","RECO","1","0","2/3","3/3","eliminated","943","8559","div","0"
"https://whitecase.com/insight-our-thinking/ai-watch-global-regulatory-tracker-nigeria","https://whitecase.com/insight-our-thinking/ai-watch-global-regulatory-tracker-south-africa","RECO","RECO","1","0","2/3","3/3","eliminated","943","8559","div","0"
"https://whitecase.com/insight-our-thinking/ai-watch-global-regulatory-tracker-norway","https://whitecase.com/insight-our-thinking/ai-legal-news-summer-roundup-edition-1","EDITORIAL","EDIT_INT","1","1","2/3","3/3","eliminated","943","8559","li","0"
"https://whitecase.com/insight-our-thinking/ai-watch-global-regulatory-tracker-norway","https://whitecase.com/insight-our-thinking/ai-watch-global-regulatory-tracker-african-union","RECO","RECO","1","0","3/3","3/3","eliminated","943","8559","div","0"
"https://whitecase.com/insight-our-thinking/ai-watch-global-regulatory-tracker-norway","https://whitecase.com/insight-our-thinking/ai-watch-global-regulatory-tracker-czech-republic","RECO","RECO","1","0","2/3","3/3","eliminated","943","8559","div","0"
"https://whitecase.com/insight-our-thinking/ai-watch-global-regulatory-tracker-norway","https://whitecase.com/insight-our-thinking/ai-watch-global-regulatory-tracker-france","RECO","RECO","1","0","3/3","3/3","eliminated","943","8559","div","0"
"https://whitecase.com/insight-our-thinking/ai-watch-global-regulatory-tracker-norway","https://whitecase.com/insight-our-thinking/ai-watch-global-regulatory-tracker-italy","RECO","RECO","1","0","2/3","3/3","eliminated","943","8559","div","0"
"https://whitecase.com/insight-our-thinking/ai-watch-global-regulatory-tracker-norway","https://whitecase.com/insight-our-thinking/ai-watch-global-regulatory-tracker-spain","RECO","RECO","1","0","2/3","3/3","eliminated","943","8559","div","0"
"https://whitecase.com/insight-our-thinking/ai-watch-global-regulatory-tracker-norway","https://whitecase.com/insight-our-thinking/ai-watch-global-regulatory-tracker-turkey","RECO","RECO","1","0","2/3","3/3","eliminated","943","8559","div","0"
"https://whitecase.com/insight-our-thinking/ai-watch-global-regulatory-tracker-oecd","https://whitecase.com/insight-our-thinking/ai-watch-global-regulatory-tracker-spain","RECO","RECO","1","0","3/3","3/3","eliminated","943","8559","div","0"
"https://whitecase.com/insight-our-thinking/ai-watch-global-regulatory-tracker-oecd","https://whitecase.com/insight-our-thinking/ai-watch-global-regulatory-tracker-uae","RECO","RECO","1","0","2/3","3/3","eliminated","943","8559","div","0"
"https://whitecase.com/insight-our-thinking/ai-watch-global-regulatory-tracker-oecd","https://whitecase.com/insight-our-thinking/ai-watch-global-regulatory-tracker-united-nations","RECO","RECO","1","0","2/3","3/3","eliminated","943","8559","div","0"
"https://whitecase.com/insight-our-thinking/ai-watch-global-regulatory-tracker-saudi-arabia","https://whitecase.com/insight-our-thinking/ai-watch-global-regulatory-tracker","NAV","NAV","0","0","3/3","3/3","eliminated","943","8559","li","0"
"https://whitecase.com/insight-our-thinking/ai-watch-global-regulatory-tracker-singapore","https://whitecase.com/insight-our-thinking/ai-watch-global-regulatory-tracker-australia","RECO","RECO","1","0","2/3","3/3","eliminated","943","8559","div","0"
"https://whitecase.com/insight-our-thinking/ai-watch-global-regulatory-tracker-singapore","https://whitecase.com/insight-our-thinking/ai-watch-global-regulatory-tracker-canada","RECO","RECO","1","0","2/3","3/3","eliminated","943","8559","div","0"
"https://whitecase.com/insight-our-thinking/ai-watch-global-regulatory-tracker-singapore","https://whitecase.com/insight-our-thinking/ai-watch-global-regulatory-tracker-south-korea","RECO","RECO","1","0","2/3","3/3","eliminated","943","8559","div","0"
"https://whitecase.com/insight-our-thinking/ai-watch-global-regulatory-tracker-south-africa","https://whitecase.com/insight-our-thinking/ai-watch-global-regulatory-tracker-china","RECO","RECO","1","0","2/3","3/3","eliminated","943","8559","div","0"
"https://whitecase.com/insight-our-thinking/ai-watch-global-regulatory-tracker-south-africa","https://whitecase.com/insight-our-thinking/ai-watch-global-regulatory-tracker-colombia","RECO","RECO","1","0","3/3","3/3","eliminated","943","8559","div","0"
"https://whitecase.com/insight-our-thinking/ai-watch-global-regulatory-tracker-south-africa","https://whitecase.com/insight-our-thinking/ai-watch-global-regulatory-tracker-france","RECO","RECO","1","0","2/3","3/3","eliminated","943","8559","div","0"
"https://whitecase.com/insight-our-thinking/ai-watch-global-regulatory-tracker-south-africa","https://whitecase.com/insight-our-thinking/ai-watch-global-regulatory-tracker-kenya","RECO","RECO","1","0","2/3","3/3","eliminated","943","8559","div","0"
"https://whitecase.com/insight-our-thinking/ai-watch-global-regulatory-tracker-south-africa","https://whitecase.com/insight-our-thinking/ai-watch-global-regulatory-tracker-oecd","RECO","RECO","1","0","3/3","3/3","eliminated","943","8559","div","0"
"https://whitecase.com/insight-our-thinking/ai-watch-global-regulatory-tracker-south-korea","https://whitecase.com/insight-our-thinking/ai-watch-global-regulatory-tracker","NAV","NAV","1","0","2/3","2/3","eliminated","943","8559","h6","0"
"https://whitecase.com/insight-our-thinking/ai-watch-global-regulatory-tracker-south-korea","https://whitecase.com/insight-our-thinking/ai-watch-global-regulatory-tracker-brazil","RECO","RECO","1","0","2/3","3/3","eliminated","943","8559","div","0"
"https://whitecase.com/insight-our-thinking/ai-watch-global-regulatory-tracker-spain","https://whitecase.com/insight-our-thinking/ai-watch-global-regulatory-tracker-hong-kong","RECO","RECO","1","0","3/3","3/3","eliminated","943","8559","div","0"
"https://whitecase.com/insight-our-thinking/ai-watch-global-regulatory-tracker-spain","https://whitecase.com/insight-our-thinking/ai-watch-global-regulatory-tracker-united-kingdom","RECO","RECO","1","0","3/3","3/3","eliminated","943","8559","div","0"
"https://whitecase.com/insight-our-thinking/ai-watch-global-regulatory-tracker-switzerland","https://whitecase.com/insight-our-thinking/ai-watch-global-regulatory-tracker-india","RECO","RECO","1","0","2/3","3/3","eliminated","943","8559","div","0"
"https://whitecase.com/insight-our-thinking/ai-watch-global-regulatory-tracker-switzerland","https://whitecase.com/insight-our-thinking/ai-watch-global-regulatory-tracker-united-states","RECO","RECO","1","0","2/3","3/3","eliminated","943","8559","div","0"
"https://whitecase.com/insight-our-thinking/ai-watch-global-regulatory-tracker-turkey","https://whitecase.com/insight-our-thinking/ai-watch-global-regulatory-tracker-france","RECO","RECO","1","0","2/3","3/3","eliminated","943","8559","div","0"
"https://whitecase.com/insight-our-thinking/ai-watch-global-regulatory-tracker-turkey","https://whitecase.com/insight-our-thinking/ai-watch-global-regulatory-tracker-hong-kong","RECO","RECO","1","0","2/3","3/3","eliminated","943","8559","div","0"
"https://whitecase.com/insight-our-thinking/ai-watch-global-regulatory-tracker-turkey","https://whitecase.com/insight-our-thinking/ai-watch-global-regulatory-tracker-norway","RECO","RECO","1","0","2/3","3/3","eliminated","943","8559","div","0"
"https://whitecase.com/insight-our-thinking/ai-watch-global-regulatory-tracker-uae","https://whitecase.com/insight-our-thinking/ai-watch-global-regulatory-tracker-china","RECO","RECO","1","0","2/3","3/3","eliminated","943","8559","div","0"
"https://whitecase.com/insight-our-thinking/ai-watch-global-regulatory-tracker-united-kingdom","https://whitecase.com/insight-our-thinking/ai-watch-global-regulatory-tracker-canada","RECO","RECO","1","0","3/3","3/3","eliminated","943","8559","div","0"
"https://whitecase.com/insight-our-thinking/ai-watch-global-regulatory-tracker-united-kingdom","https://whitecase.com/insight-our-thinking/ai-watch-global-regulatory-tracker-european-union","RECO","RECO","1","0","2/3","3/3","eliminated","943","8559","div","0"
"https://whitecase.com/insight-our-thinking/ai-watch-global-regulatory-tracker-united-kingdom","https://whitecase.com/insight-our-thinking/ai-watch-global-regulatory-tracker-italy","RECO","RECO","1","0","3/3","3/3","eliminated","943","8559","div","0"
"https://whitecase.com/insight-our-thinking/ai-watch-global-regulatory-tracker-united-nations","https://whitecase.com/insight-our-thinking/ai-watch-global-regulatory-tracker-china","RECO","RECO","1","0","2/3","3/3","eliminated","943","8559","div","0"
"https://whitecase.com/insight-our-thinking/ai-watch-global-regulatory-tracker-united-nations","https://whitecase.com/insight-our-thinking/ai-watch-global-regulatory-tracker-european-union","RECO","RECO","1","0","3/3","3/3","eliminated","943","8559","div","0"
"https://whitecase.com/insight-our-thinking/ai-watch-global-regulatory-tracker-united-nations","https://whitecase.com/insight-our-thinking/ai-watch-global-regulatory-tracker-uae","RECO","RECO","1","0","2/3","3/3","eliminated","943","8559","div","0"
"https://whitecase.com/insight-our-thinking/ai-watch-global-regulatory-tracker-united-states","https://whitecase.com/insight-our-thinking/ai-watch-global-regulatory-tracker-g7","RECO","RECO","1","0","3/3","3/3","eliminated","943","8559","div","0"
"https://whitecase.com/insight-our-thinking/ai-watch-global-regulatory-tracker-united-states","https://whitecase.com/insight-our-thinking/ai-watch-global-regulatory-tracker-india","RECO","RECO","1","0","2/3","3/3","eliminated","943","8559","div","0"
"https://whitecase.com/insight-our-thinking/ai-watch-global-regulatory-tracker-united-states","https://whitecase.com/insight-our-thinking/ai-watch-global-regulatory-tracker-japan","RECO","RECO","1","0","3/3","3/3","eliminated","943","8559","div","0"
"https://whitecase.com/insight-our-thinking/ai-watch-global-regulatory-tracker-united-states","https://whitecase.com/insight-our-thinking/eu-ai-acts-extraterritorial-scope-part-2","EDITORIAL","NOMAJ","1","1","1/3","3/3","eliminated","943","8559","li","0"
"https://whitecase.com/insight-our-thinking/latin-america-focus-2024-ai-regulation","https://whitecase.com/insight-our-thinking/ai-watch-global-regulatory-tracker-brazil","EDITORIAL","EDIT_INT","1","1","2/3","3/3","eliminated","943","8559","p","0"
"https://whitecase.com/insight-our-thinking/latin-america-focus-2024-ai-regulation","https://whitecase.com/insight-our-thinking/ai-watch-global-regulatory-tracker-european-union","EDITORIAL","EDIT_INT","1","1","3/3","3/3","eliminated","943","8559","p","0"
"https://whitecase.com/insight-our-thinking/uks-context-based-ai-regulation-framework-governments-response","https://whitecase.com/insight-our-thinking/guardians-ai-galaxy-lessons-bletchley-park","EDITORIAL","NOMAJ","1","1","1/3","3/3","eliminated","943","8559","p","0"
"https://williamfry.com/knowledge/irelands-ai-act-exemptions","https://williamfry.com/knowledge/eu-publishes-final-draft-of-general-purpose-ai-code-of-practice","RECO","RECO","1","0","3/3","3/3","eliminated","943","8559","div","0"
"https://williamfry.com/knowledge/the-executive-order-that-proved-brussels-right-why-ai-governance-requires-centralisation","https://williamfry.com/knowledge/ireland-unveils-ai-enforcement-blueprint-key-business-impacts-for-2026","RECO","RECO","1","0","3/3","3/3","eliminated","943","8559","div","0"
"https://williamrinehart.com/ai-research","https://aei.org/technology-and-innovation/government-in-the-age-of-ai","EDITORIAL","EDIT_EXT","1","1","3/3","3/3","retained","600","7442","p","1"
"https://wilmerhale.com/en/insights/publications/20250414-wilmerhales-guide-to-the-eus-ai-act","https://wilmerhale.com/en/insights/publications/20250919-wilmerhales-guide-to-ai-and-gdpr","RECO","RECO","1","0","3/3","3/3","eliminated","943","8559","aside","0"
"https://winder.ai/working-with-the-eu-ai-act-interview-with-kai-zenner","https://winder.ai/introduction-eu-ai-act","NAV","NAV","1","0","3/3","3/3","eliminated","943","8559","li","0"
"https://wired.com/story/plaintext-sam-altman-ai-regulation-trump","https://wired.com/story/eu-ai-act","EDITORIAL","EDIT_INT","1","1","3/3","3/3","retained","600","7442","p","0"
"https://womblebonddickinson.com/us/insights/alerts/united-nations-unanimously-adopts-first-resolution-promoting-safe-secure-and","https://artificialintelligenceact.eu/","EDITORIAL","EDIT_EXT","1","1","3/3","3/3","retained","600","7442","p","1"
"https://womeninai.co/post/ai-laws-in-the-united-states-are-tougher-ai-regulations-really-viable","https://womeninai.co/post/fundamental-rights-impact-assessment-under-the-eu-ai-act-and-its-implementation-challenges","RECO","RECO","1","0","3/3","3/3","eliminated","943","8559","div","0"
"https://workday.com/en-us/perspectives/ai/eu-ai-act-business-leaders.html","https://blog.workday.com/en-us/responsible-ai-takes-two-developers-and-deployers-must-partner.html","EDITORIAL","EDIT_EXT","1","1","3/3","3/3","eliminated","943","8559","span","1"
"https://workforcebulletin.com/ai-under-the-spotlight-key-insights-ahead-of-the-white-house-action-plan","https://workforcebulletin.com/category/artificial-intelligence","NAV","TAG","1","0","3/3","3/3","eliminated","943","8559","div","0"
"https://worldpoliticsreview.com/eu-ai-act-competitiveness","https://techpolicy.press/eu-set-the-global-standard-on-privacy-and-ai-now-its-pulling-back","EDITORIAL","EDIT_EXT","1","1","3/3","3/3","retained","600","7442","p","1"
"https://wr.no/aktuelt/4-artificial-intelligence-act-safe-reliable-and-human-centred-artificial-intelligence","https://digital-strategy.ec.europa.eu/en/policies/regulatory-framework-ai","EDITORIAL","EDIT_EXT","1","1","3/3","3/3","retained","600","7442","p","1"
"https://wsgr.com/en/insights/eu-ai-office-clarifies-key-obligations-for-ai-models-becoming-applicable-in-august.html","https://wsgr.com/en/insights/eu-commission-issues-guidelines-on-prohibited-ai-practices-under-eu-ai-act.html","EDITORIAL","EDIT_INT","1","1","3/3","2/3","retained","600","7442","p","0"
"https://wsgr.com/en/insights/recent-ai-regulatory-developments-in-the-united-states.html","https://wsgr.com/en/insights/2026-year-in-preview-ai-regulatory-developments-for-companies-to-watch-out-for.html","EDITORIAL","EDIT_INT","1","1","3/3","3/3","eliminated","943","8559","li","0"
"https://wustllawreview.org/2025/03/26/ais-hippocratic-oath","https://cigionline.org/articles/the-race-to-the-bottom-on-ai-safety-must-stop","EDITORIAL","REF_BIB","1","1","3/3","3/3","retained","600","7442","p","1"
"https://wustllawreview.org/2025/03/26/ais-hippocratic-oath","https://nytimes.com/2023/11/07/opinion/biden-ai-regulation.html","EDITORIAL","REF_BIB","1","1","3/3","3/3","retained","600","7442","p","1"
"https://wvlt.tv/2026/05/21/trump-calls-off-ai-executive-order-over-concern-it-could-weaken-us-tech-edge","https://apnews.com/article/white-house-donald-trump-artificial-intelligence-479eb3d0a50fe7237678a9bfb146ac7a","EDITORIAL","EDIT_EXT","1","1","3/3","3/3","retained","600","7442","p","1"
"https://x.com/NateForUtah/status/1991331189802832040","https://x.com/MorePerfectUS/status/1991299800373871077","OTHER","META_BYLINE","1","0","2/3","2/3","eliminated","943","8559","span","1"
"https://x.com/nearcyan/status/1687897517730512904","https://crfm.stanford.edu/2023/06/15/eu-ai-act.html","OTHER","X_OTHER","1","0","2/3","3/3","eliminated","943","8559","div","1"
"https://xomnia.com/post/how-to-deal-with-high-risk-ai-according-to-aia","https://artificialintelligenceact.eu/","EDITORIAL","EDIT_EXT","1","1","3/3","3/3","retained","600","7442","span","1"
"https://yaabot.com/41675/eu-ai-act-weaker-industry-pressure","https://mhp.com/en/insights/blog/post/eu-ai-act","OTHER","X_OTHER","1","0","2/3","3/3","eliminated","943","8559","figcaption","1"
"https://yahoo.com/news/articles/white-house-releases-ai-policy-124013710.html","https://politico.com/news/2025/12/11/trump-orders-government-to-fight-state-ai-laws-00687948","EDITORIAL","EDIT_EXT","1","1","3/3","3/3","retained","600","7442","p","1"
"https://yahoo.com/news/politics/articles/tech-billionaires-convinced-trump-back-204333269.html","https://washingtonpost.com/politics/2026/05/11/trump-ai-regulation-commerce-intelligence","EDITORIAL","EDIT_EXT","1","1","3/3","3/3","retained","600","7442","p","1"
"https://yalejreg.com/nc/eliminating-state-law-obstruction-of-national-artificial-intelligence-policy-%E2%94%80-part-iii","https://yalejreg.com/nc/eliminating-state-law-obstruction-of-national-artificial-intelligence-policy-%E2%94%80-part-i","EDITORIAL","EDIT_INT","1","1","3/3","2/3","eliminated","943","8559","p","0"
"https://yousign.com/blog/ai-act-e-signatures-compliance-requirements-eu","https://artificialintelligenceact.eu/the-ai-office-summary","EDITORIAL","EDIT_EXT","1","1","3/3","3/3","retained","600","7442","p","1"
"https://zengrc.com/blog/navigating-the-future-of-ai-governance-a-guide-to-nist-ai-rmf-iso-iec-42001-and-the-eu-ai-act","https://europarl.europa.eu/topics/en/article/20230601STO93804/eu-ai-act-first-regulation-on-artificial-intelligence","EDITORIAL","EDIT_EXT","1","1","3/3","3/3","retained","600","7442","p","1"
